full_text,label
@IND0_Update @MataNajwa @Metro_TV @tvOneNews Yakin dehhh klo proyek Rempang Eco City nih bakal berhasil krn Bahlil Kawal Investasi #HIPMIRempang,
"TERIMAKASIH pemrintah "" "" Kami warga rempang sukarela utk dipindahkan, jdi tolong djangan ada provokasi lagi. "" https://t.co/8iaIpVu8h0""",
Hipmi memberikan perhatian besar terhadap investasi Rempang Eco City yang  dikawal oleh  Bahlil Lahadalia yang siap membantu menyukseskan investasi ini. Bahlil Kawal Investasi #HIPMIRempang https://t.co/6SbNAnYXLA,
Pak Bahlil @bahlillahadalia akan terus kawal pembangunan rempang eco-city.  @detikcom   Bahlil Kawal Investasi #HIPMIRempang https://t.co/flmbnH2AzC,
appreciation post buat zada yang pagi tadi baru otw rembang dan sampai sekarang belum tidur sebab musti nunggu adik kesayangannya yang terbaring sakit di puskesmas. top tier mba-mba friendly sister🩷 https://t.co/k4ANSniRyX,
"Biasanya klo orang bodoh kemampuanya berbohong  Dipanggil DPR Bahas Rempang, Bahlil: Saya Tidak Bodoh! https://t.co/IhtEM4Yz6F",
"@hc_poirot Wahai rakyat rempang ..maju terus pantang mundur ..habisi semua aparat tni yg jd anteknya, Londo Erengnya, dan Budaknya para OLIGARKI Cukong China Komunis.@puanmaharani_ri @jokowi @mohmahfudmd @DPR_RI @DivHumas_Polri",
"Menteri Bahlil juga konsisten memperjuangkan warga dilibatkan sebagai subjek pembangunan dalam investasi Rempang, sejalan dengan regulasi yang ada bahwa investor harus merangkul mitra usaha lokal (UMKM) dan menyerap tenaga kerja lokal. #HIPMIRempang https://t.co/aPZ8fH7b5Z",
Buku Librari Ori - Muslimah Bukan Agen Moral https://t.co/jMLny2Q3v6 WR 1 Batik Air Kapolsek Rempang #AniesMuhaimin2024 Jenglot Miring #HongKongOpen2023 Narnia https://t.co/7SBJrDc4X6 https://t.co/XZwFW0HRp4,
"Memposisikan kesalahan ada pada investor di pembangunan #rempang , kurang bijak rasanya.   Strategi pembangunan untuk kemajuan negara harusnya menjadi permasalahan bersama hingga mencapai solusi dari pelbagai permasalahan #rempang",
"Bahlil Tolak Bebaskan Warga Rempang: Kalau Dibiarkan, Negara Kita Jadi Negara Preman. Netizen: Bahlil Sudah Kayak Kepala Preman Yang Dibiarkan Merajalela Oleh Negara. https://t.co/cBBif1LmgA",
@IND0_Update @MataNajwa @Metro_TV @tvOneNews Alhamdulillah HIPMI punya peran penting untuk proyek rempang eco park Bahlil Kawal Investasi #HIPMIRempang,
"@tvOneNews Otak lu gak bisa dipake mikir bener yaa, Lil..??!! Bila lu punya fikiran SEHAT dan PERASAAN, lu pasti MALU bahkan KHAWATIR atas diri elu dari  Do'a2 para warga Rempang yang di dzolimi elu dan Penguasa Lalim ini!!  #TegakkanHukum #TegakkanKedaulatanRakyat ☝️🇮🇩",
@tempodotco Cari saja lokasi lain utk investasi daerah Indonesia ini kan luas..ngapain juga hrs dipaksakan pulau rempang sementara masyarakatnya tdk setuju utk direlokasi,
HIPMI siap memberikan perhatian besar dan siap kawal pak Bahlil dalam investasi di rempang  #HIPMIRempang https://t.co/63Rwk4SmiD,
"Pantang Menyerah, Menteri Investasi Bahlil Kembali Bujuk Warga Rempang untuk Pindah: Insyaallah Akan Ada Solusi https://t.co/d3fWVWzkrZ",
@floreskekinian2 Apresiasi tertinggi krn Bahlil Kawal Investasi dan ikut ambil andil dalam pembangunan Rempang Eco City #HIPMIRempang,
mandalika blom beres malah terjadi bentrokan antara rakyat sm petugas ? 🤔apa rempang tdk berkaca pd masalah di mandalika?,
@IND0_Update @MataNajwa @Metro_TV @tvOneNews pak Bahlil Kawal Investasi rempang dengan berkolaborasi dengan pemerintah semoga berjalan lancar dan sukses #HIPMIRempang,
"Mereka mempertahankan hak. Justru yg mau menggusur mereka itu negara preman  Bahlil Tolak Bebaskan Warga Rempang: Kalau Dibiarkan, Negara Kita Jadi Negara Preman https://t.co/mIFP3HNPNC",
"@msaid_didu @bahlillahadalia Jgn liat mslh gusur, investor dll..tapi lhtlah kasus Rempang ini muncul saat di musim politik...keanehan...apa kah partai koalisi mau melepas simpati warga Rempang dgn ada kasus penggusuran ini..??? Org yg bru maen politik saja pasti dia ber baik2 hati utk mencari simpati...🤔🤔",
"HIPMI menyampaikan Rempang Eco City merupakan win-win solution dikarenakan diprediksi akan berhasil dan sukses. Selain itu Bahlil Kawal Investasi dari awal ide ini muncul bahkan sampai sekarang pelaksanaannya, sehingga akan berhasil sesuai dengan apa yang diharapkan #HIPMIRempang https://t.co/PRQ7lUIVbL",
Padahal sewaktu pilpres warga Rempang banyak milih Jokowi. Jadi klir ya ... pemilu tak akan menyelamatkanmu dari penggusuran ...,
"@alisyarief Seneng banget memprovokasi rakyat, Rempang sdh kondusif, food estate sdng dijlnkan, tua ternyata tidak menjamin seseorang pinter, cerdas.",
"TELAK! Netizen Sebut Bodoh Soal Investasi Rempang, Bahlil Luruskan Informasi Liar  Selasa Pagii Whoosh Prabowo Takut Debat Dear J Kades Laos Perokok Konsumsi Pertalite MAU MIN SAKURA MEKAR DI JAKARTA Congratulations Jennie Jodie Hamil #AniesMuhaimin2024 https://t.co/3oIOZQFOzT",
"@NenkMonica Tenang karyawan akan di tampung oleh negeri Konoha sebagai tenaga Ahli, salah satunya akan di tampung di proyek REMPANG 🤔",
"Update Progress Investasi Rempang, Kepala BP Batam Hadiri RDP Komisi VI DPR RI https://t.co/LT06f0hHpk lewat @Bursa Kota",
"Nusron wahid damprat tim pembela cukong dan investor cina di rempang, baru kali ini gw setuju ma nusron😁👍 https://t.co/NcFNRLFsJm",
"@HusinShihab Klo lo pinter bakal paham, rempang aja blm ada amdalnya..klo ga titipan udh selesai tuh amdal dr dl klo mau bgn proyek? Paham lo? Udh tau legal standing?🤣🤣🤣",
hayuu dukung Bahlil Kawal Investasi untuk terus  membangun Rempang eco city #HIPMIRempang https://t.co/GZ8lS0RRQQ,
"Gubernur Jawa Tengah Ganjar Pranowo banyak mendapatkan usulan terkait infrastruktur khususnya perbaikan jalan saat Musrenbang di wilayah Jekutibanglor (Kabupaten Jepara, Kudus, Pati, Rembang dan Blora), di Pendapa Kabupaten Rembang.  #SahabatGanjar #Ganjar #ganjarpranowo https://t.co/EvgNcxsSxm",
Bahlil Kawal Investasi dan DPR juga mendukung langkah beliau memberikan hak warga rempang  #HIPMIRempang https://t.co/bo4cdfVcRZ,
Bahlil Kawal Investasi di Pulau Rempang dan Juga ingin memanjukan UMKM lokal di pulau tersebut krn dg akan menarik investor yh bs menaikkan ekonomi di pulau tersebut #HIPMIRempang https://t.co/S23wkwSrqg,
"SEBAGIAN BENAR, Konten Berisi Video Ustad Abdul Somad tentang Warga Pulau Rempang #abdulsomad #pulaurempang #cekfakta  https://t.co/1P0T7pmz2Z",
@floreskekinian2 Pendekatan harmonis Menteri Bahlil terhadap masyarakat Rempang adalah contoh nyata dari komitmen totalitasnya terhadap investasi. Kita dukung Bahlil Kawal Investasi yg berkelanjutan. #HIPMIRempang,
"@tvOneNews Yg jelas depan mata, rempang warga yg hidup tenang selama puluhan tahun, bahkan sebelum Indonesia merdeka, diusik, tanah mau dirampas, di relokasi tanpa ada pengakuan pemilik tanah karena tanpa sertifikat.",
"Preman Bubarkan Aksi HMI Bela Rempang di Kementerian Investasi, GPI: Itu Tindakan Barbar https://t.co/yS0of8kD4L",
wah guys DPR bakal dukung langkah Bahlil Kawal Investasi  hak warga Rempang yang terdampak investasi nihh  #HIPMIRempang  https://t.co/uaeYv4lhks https://t.co/orI7XGYSuW,
"@Li9ayaTalaChes4 Tolong jgn pernah percaya Media2 yg udah nerima amplop dari bahlil cs soal Rempang kecuali pengakuan dari Masyarakat rempang sendiri ✍""""",
Senoga judul berita ini sama dengan kenyataan dalam kehidupan warga masyarakat Rempang,
Warga Rempang Berterima kasih kp Bpk Amien Rais bersama Tim atas bentuk kepedulian thd Warga Rempang..... https://t.co/s0OlkzCAO3,
"@tvOneNews Oh bahlil,,warga Rempang bukan lah preman,andalah yang preman,ingin merampok hak warga Rempang.",
@CSzipel_ Mantap Pak Bahlil Kawal Investasi dan memenuhi hak hak warga rempang. Sukses teruss.  #HIPMIRempang,
"Rabu tanggal 04 Oktober 2023, Polsek Rembang  bekerjasama dengan Selecta Grafika melaksanakan kegiatan Baksos droping air bersih untuk membantu masyarakat yang terdampak musim kemarau di Dk. Ngotet lor Ds. Ngotet Kecamatan Rembang Kabupaten Rembang. https://t.co/0JKVqV7pyh",
Belasan Warga Rempang yg didampingi Tim Advokat mendatangi Mapolresta Barelang utk mengajukn surat permohonan thd 30 org keluarganya yg ditahan Polisi &amp  sdh ditetapkn menjd tersangka dlm kasus Aksi Demo  Rempang di Kantor BP Batam yg lalu..... . Update Rempang 03 Oktober 2023 https://t.co/sn2hbFc7VQ,
https://t.co/V0hfzpyM9h warga Pulau Rempang yang terkena dampak pembangunan  Rempang Eco City untuk tidak khawatir dengan kompensasi yang diberikan pemerintah.  Bahlil Kawal Investasi #HIPMIRempang,
"@tvOneNews Warga Rempang Persis Hidup dlm Penjajahan Kolonial Belanda dan VOC,cuma bedanya Rempah-rempah dan skr Invetasi sebagai kedok Penjajahan dan itu akan berlanjut ke daerah lain di Indonesia... https://t.co/WmVwgKLoAx",
Scissor lift 12 meter di pati pemalang kendal batang rembang jepara jogja solo kudus klaten tegal @TribunJualBeli https://t.co/SqOXPvJuR2,
"Hipmi memiliki keyakinan bahwa investasi Rempang ini akan berjalan sesuai harapan, berdampak positif bagi perekonomian nasional dan daerah sejalan komitmen Bahlil Kawal Investasi #HIPMIRempang https://t.co/sYJTEx9H95",
LetsGöFollow  base › surabaya tele  › https://t.co/2ie5dS7N02 expo › 04-05 pati › 06-07 rembang  ❤ @.keempat_elsaa https://t.co/FR3F8c9ub0,
"@tvOneNews Penyerobotan Tanah Warga Rempang, Nusron Wahid: Apa Bedanya BP Batam dengan VOC? https://t.co/aocQ4IFHZO",
Melindungi hak masyarakat rempang merupakan hal yang penting berdasarkan pancasila @jokowi @KompasTV  Bahlil Kawal Investasi  #HIPMIRempang https://t.co/tUinOlb613,
@BosPurwa Pengaruh polusi pabrik batu bara dimakan campur vaksin COVID 19 di tanah Rempang,
@geloraco U..... yg preman rakyat REMPANG sdh ratusan tahun tinggal di Rempang lu gusur lalu tanah kamu ksih ke cina otak lu waras....!!!!!,
Mantan istri bongkar aib Panglima Pajaji yang mencari panggung di Kasus Rempang.   #RempangEcoCity   https://t.co/6NsFklASMO,
Sebenarnya ada pejabat sangat dekat sama investor china masih bersikukuh ke pulau rempang karena fee cukup besar..Sedangkan pulau rempang itu perlu dilestarikan krn itu kekayaan alam dari Tuhan  https://t.co/KFVoaAr3WR,
"HIPMI dan pemerintah bekerja keras dalam upskilling warga lokal Rempang. Dengan keterampilan yg lebih baik, mereka tidak hanya memiliki kesempatan kerja yg lebih besar tetapi juga memberikan kontribusi lebih besar dalam pertumbuhan investasi. #HIPMIRempang Bahlil Kawal Investasi https://t.co/azMhEfdCcv",
"@CSzipel_ Terimakasih utk pembangunan Rempang Eco City dan Bahlil Kawal Investasi, semoga bisa berjalan sesuai apa yang diharapkan #HIPMIRempang",
"Rusun rempang warga yg mau di ungsikan .. wkwkw.. kayak penjara , wkwkek iyalah pribumi dipenjara sama rezim dan inveror ..  Ini namnya kebangsaan https://t.co/LDQIrABVmu",
Seperti ada persekongkolan  beraroma tak sedap   Gembar-gembor Investasi Xinyi di Pulau Rempang Dicurigai 'Goreng' Saham https://t.co/jFfEgnzs63  @inilahdotcom,
@HMMurah3 Bahlil dan Lae Luhut ngotot untuk Xinyi investasi di Rempang Batam... harus dimintai keterangan nya..... @kahlubirkum,
"@geloraco Kenapa Jadi Begitu.? Kalau Dikaji Pemerintah Sendiri Yg Salah Tanpa Memberitahu Secara Jelas SebelumX Kepada Masyarakat Rempang. Jadi Kalau Terjadi Gejolak Setelah Itu, Itu Disebabkan Ulah Pemerintah Juga Yg SebelumX Yg Tidak Memberi Tahu Secara Jelas Kepada Masyarakat Rempang.",
"@IND0_Update @MataNajwa @Metro_TV @tvOneNews Dukungan investasi adalah kunci bagi pertumbuhan ekonomi yang berkelanjutan, dan inisiatif seperti Rempang Eco Park Bahlil Kawal Investasi #HIPMIRempang",
"@tvOneNews Sungguh malang nasib warga rempang, padahal pemilu 2019 hampir semua pilih jokowi. Dijanjikan sertifikat tanah ternyata malah mau digusur dan dipenjara.",
"@NenkMonica Indonesia sdh jadi jongos cina skg, liat aja yg berbau cina dikasih karpet merah dinegeri ini. Kasus rempang bukti nyata kejongosan tsb",
Dukung Investasi Berkelanjutan! HIPMI Memberikan Apresiasi pada Menteri Bahlil yang Konsisten Kawal Investasi Rempang Eco Park. 💼🌳 Bahlil Kawal Investasi  #HIPMIRempang https://t.co/YWtXygAGx0,
"@savicali Sampe pasukan negara Indonesia menyerang. Negaranya zuko gak nginvasi ke rempang og 😅 cm ke negaranya katara, eng dkk",
"Jika anda sudah tahu nasib rakyat saat ini makin sengsara, kemudian anda masih mendukung regime penguasa.  Maka sebenarnya anda bukan lagi mendukung, melainkan anda telah membunuh nurani anda sendiri.  Menteri Investasi, Bahlil mendatangi pulau Rempang siang ini (6/10/23). https://t.co/4WjjOc16nZ",
"@tvOneNews Yg Preman itu Kau Bahlil, Menyerang RAKYAT Rempang duluan, Mengerahkan Pasukan Gabungan TNI-POLRI Bersenjata Lengkap &amp  GAS AIR MATA secara Diam² &amp  Tiba²,  Emang SALAH RAKYAT Rempang apa Bahlil &amp  Mereka Yg ditahan itu adlh REAKSI Balasan dari AKSI KEJAHATAN Yg Kau CIPTAKAN Bahlil",
@SamanthaMateo09 @tvOneNews Bisa kebayang rakyat indonesia jadinya gimana... Bakalan lebih parah dari kasus pulau rempang,
TNI POLRI masih Bergerilya Di Rempang Mengintimidasi Masyarakat Rempang. https://t.co/yrXm2rnDiS,
@geloraco Justru si bahlul ini preman paling biadab dengan “menjual dan merampok” hak masyarakat Rempang…negeri ini dipegang oleh preman oligar paling setan dan bangsat!!!,
@detikcom Kmana luhut pnjahitan yg katanya hebat itu??? Kampung sndiri trbengkalai sok mengatur rempang... dana trilyunan sdh habis ke toba tp tdak ada sumbangsih bt negara dan rkyat wlyah ln,
Konflik Pulang Rempang: Jawaban Bahlil Lahadalia terhadap Pertanyaan Kunci Komisi VI di RDP DPR RI https://t.co/DBMx4aL4Ft,
"TERIMAKASIH pmerintah "" "" kmi wrga rempang sukarela tuk dipindahkan, jadi tolong jangn ad provokasi lagi. "" https://t.co/0JFtBxRQxF""",
Bahlil Kawal Investasi juga sangat konsisten dalam proyek Rempang eco city semoga lancar #HIPMIRempang https://t.co/pjIiD7i3GJ,
Memberikan kontribusi nyata untuk masyarakat Rempang Bahlil Kawal Investasi  #HIPMIRempang https://t.co/Nd02qN4n5N,
"Menyokong investasi, membangun masa depan! HIPMI memberikan apresiasi kepada Menteri Bahlil yang gigih mengawal proyek Rempang Eco Park. @jokowi  Bahlil Kawal Investasi #HIPMIRempang https://t.co/cVxhWJ7Gim",
Ini yang menjadi penyebabnya sehingga rakyat dipaksa untuk pindah mengosongkan pulau Rempang.  https://t.co/hkCZlN6xQW,
Kami ajukan jempol terhadap Bahlil yang sudah sukses. Merangkul Rempang. Bahlil Kawal Investasi  #HIPMIRempang https://t.co/AJ5ymxwBXY,
https://t.co/FUye7wx1kb warga Pulau Rempang yang terkena dampak pembangunan  Rempang Eco City untuk tidak khawatir dengan kompensasi yang diberikan pemerintah.  Bahlil Kawal Investasi #HIPMIRempang,
"TERIMAKASIH pmrnth "" "" kmi wrga rempang sukarela u/ dipindahkan, jd tolong jngn ad provokasi lagi. "" https://t.co/jT8vaBPv9f""",
@tvOneNews Yg preman warga apa yg menyerbu warga....???  Yg bener aje nie... Gue nanya nie...bukan nuduh yee...  Kalo nuduh ntar gue bs di kandangin jg ame warga rempang...,
"Rempang eco city akan berdampak positif bagi perekonomian nasional maupun daerah, serta bisa membawa kesejahteraan bagi masyarakat sekitar.  @bahlillahadalia  @tribunnews  Bahlil Kawal Investasi  #HIPMIRempang https://t.co/lS2gy2StZW",
"@tvOneNews @agusudarmansyah Woy...@bahlillahadalia justru rezim jkw dg cara preman kuasai tanah rakyat, spt di P. Rempang dan P. Komodo.",
Investasi Berkelanjutan: Dampak Positif bagi Rempang dan Keterampilan Lokal Bahlil Kawal Investasi  #HIPMIRempang https://t.co/dG6NuNltAm,
DPR mendukung upaya Bahlil guna meningkatkan pembangunan serta perekonomian nasional dan warga Rempang  #HIPMIRempang https://t.co/kloXv0Vgdu,
Kepastian hak-hak masyarakat Pulau Rempang diharapkan dapat terealisasi dengan cepat demi kesejahteraan dan kenyamanan rakyat. Kita doakan semoga pemenuhan hak masyarakat Pulau Rempang dapat berjalan lancar menuju masyarakat yang adil dan sejahtera. Aamiin YRA https://t.co/T4zvDcHeO6,
@himawan4578 @MagisterMMk @korantempo Btw Jokowi nepatin janji gak buat warga rempang? Ini itu murah? Gak bikin banyak aturan? Bbm murah? Mempersulit investasi?,
@YLBHI @jokowi Ternyata mengirim TNI ke rempang itu afalah bagian dr komunikasi  yg dibangun oleh pemerintah jadi sekarang ini alat2 komunilasi atau sarana komunikasi iti salah satunya mengirim TNI,
"HIPMI bersama Menteri Investasi Bahlil Lahadalia menegaskan komitmen dalam mendukung investasi Rempang Eco City. Dengan kerja sama yang solid, kita akan membangun ekonomi yang inklusif dan berkelanjutan untuk semua. #HIPMIRempang Bahlil Kawal Investasi https://t.co/fJDRLNF1xD",
"@kanda__S41D Tragedi Rempang baru slh satu bukti, blm bukti2 yg lain bhw Indonesia sdh dikuwasi oligarki china melalui jongo2nya. Maka jika Bangsa ini berteriak selamatkan Indonesia, pertanyaannya: mana buktinya ?? Sedih rasanya rakyat bawah yg sdh tak berdaya.",
"@tvOneNews Hahaha... Bahkan sebaliknya, yang preman itu adalah yang merampas tanah rakyat rempang.😄  Kacau...",
"@CNNIndonesia Rempang kasian bgt ya Allah, investor mana paham, kerjanya ngeruk ngabisin doang. yg jaga kelestarian alam pdhl masyarakat di sana, jing",
"Pulau Rempang dan Galang. Auditor negara juga seperti ayam menelan karet gelang. Nganga kagak jelas. Padahal ada proyek RS Khusus penderita Covid 19 di Pulau Galang yg konon menghabiskan biaya tidak sedikit, mengapa semua diam?",
"Tumbuhkan investasi, bangun masa depan! HIPMI memberikan apresiasi kepada Menteri Bahlil yang dengan tekun mengawasi proyek Rempang Eco Park. https://t.co/4LTezwKmTI @kumparan  Bahlil Kawal Investasi #HIPMIRempang",
@tvOneNews Inilah akibat klo pemimpin bodoh dalam hukum dan HAM.....emgnya kau menangkap WNI Rempang itu demi negara apa demi titipan?? BAJINGAN TOLOLL,
Terimakasih atas penilaian yang anda berikan. Masukan anda sangat bermanfaat untuk kemajuan unit kami agar terus memperbaiki dan meningkatkan kualitas pelayanan bagi masyarakat.  #rembanggemilang #dpmptsprembang #ikm #mudahberizin #pelayananprima https://t.co/n9CL35jjQv,
@Ronnie_Rusli Teringat Prof ... kisah cara China mendapatkan kapal induk dari Ukraina. Dan kemungkinan juga dilakukan di pulau Rempang Link yt: https://t.co/iVyGUTMAV1,
@CSzipel_ Peran pro aktiv Bahlil Kawal Investasi dengan konsisten mendapatkan hasil yang baik bagi warga Rempang dan investor #HIPMIRempang,
"HIPMI, Ketua Bidang Maritim, Kelautan, dan Perikanan BPP, Fathul Nugroho, bersiap untuk mendukung investasi Rempang dgn menggelar pelatihan keterampilan bagi warga. Kolaborasi ini menjadi langkah nyata dalam membangun keberlanjutan investasi. #HIPMIRempang Bahlil Kawal Investasi https://t.co/inJr2lpSCK",
"@tvOneNews Setan sdh masuk ke jiwa nya, warga rempang kalau kaga di dahulin kaga mungkin anarkis.",
Bahlil Kawal Investasi #HIPMIRempang yakin kalau investasi Rempang akan berjalan baik https://t.co/7wb7qxXiUU,
Sinergi untuk investasi berkelanjutan! HIPMI memberikan apresiasi kepada Menteri Bahlil atas pengawasan proyek Rempang Eco Park. @golkar_id  Bahlil Kawal Investasi #HIPMIRempang,
"NAHLOH! NCW Ungkap Ada Indikasi Korupsi dalam Pembangunan Rempang ECO City, Ini Hasil Penyelidikannya Selasa Siang Whoosh APBN Prabowo Takut Debat Dear J Kades Laos Perokok Amanda Manopo Jodie Hamil Miftah Denny Caknan #AniesMuhaimin2024 #TembakauDizalimi https://t.co/pYYeMJrhPv",
"Dalam konteks Pulau Rempang, adanya #HIPMIRempang Eco City dengan sendirinya memudahkan warga di sana untuk tak perlu hijrah ke tempat lain  Bahlil Kawal Investasi  @mediaindonesia   https://t.co/S8tcGmvcA1",
"Selain pemerintah, HIPMI jg mengapresiasi Bahlil saat menyelesaikan kasus Rempang  Bahlil Kawal Investasi #HIPMIRempang https://t.co/cKJu6URsjZ",
@floreskekinian2 intruksi Bahlil Kawal Investasi untuk Eco Rempang ini langkah yg tepat banget hingga di proyek ini  bisa berjalan lancar dan hak masyarakat terpenuhi #HIPMIRempang,
"MK sahkan uu Cipta kerja, Gus Miftah dirujak netizen,  demo Rempang vs Preman, Kasus Jessica rekayasa? https://t.co/n5ReDkRnQg",
"@HusinShihab @Abu_Nafstami Masyarakat awam ga sebodoh kau sin, Kita tahu banget apa maksud pak Anies ttg PSN titipan, itu rempang contohnya, investasi swasta tp lebih galak pemerintah ke rakyat, bukannya bela hak2 rakyat malah bela investor asing, tega mengusir rakyat dari tanahnya demi seorang Tomi winata",
"Rempang Eco Park: Menjanjikan, Berkelanjutan, dan Menguntungkan! Terima Kasih Menteri Bahlil dan Hipmi atas Dukungannya. 🌱🏢 Bahlil Kawal Investasi  #HIPMIRempang https://t.co/hHBDZNYj6l",
Bahlil Duga Ada Kepentingan Politik yang Tunggangi Konflik Rempang Selengkapnya saksikan di sini: https://t.co/DaQqcnURtn #rosikompastv https://t.co/Q3KWuiOgNQ,
"@musniumar Mengapa anda tdk belajar sejarah , berapa ribu meter tanah asli milik negara yg sudah beralih dan di kuasai pihak lain tanpa proses yg benar , selama orde baru sampai saat ini berapa yg di hasilkan oleh mereka , lebih kasian yg di Rempang pak Mus , Krn itu tanah leluhur mereka ,",
"Purworejo area:pemilu 2024,brengkelan ,adalah lokasi strategis bisnis dan pusat kota.waspasai isue serifikat ganda dan akan diklaim cukong seperti kasus Rempang",
"@MardaniAliSera Kok sekarang PKS bersuara setelah IKN udah dibangun, rempang apa pendirian PKS BPbatam telah melanggar SILA ke 5, mengusur kampung melayu",
Pemerintah dan HIPMI mengapresiasi kinerja Bahlil krn membuat warga mendukung proyek Rempang. Bahlil Kawal Investasi #HIPMIRempang https://t.co/iokWgTKlM3,
@henwizaniko @VIVAcoid Dito jadi saksi  Rempang relokasi Itu td malem apa pagi td gw bacanya ya. Masih diliput media kok,
Komisi VI DPR RI Minta Penyelesaian Secara Menyeluruh Masalah Investasi Rempang https://t.co/Z7jNXoQC20,
"Awal Mula Konflik Rempang, Ini Klarifikasi Bahlil Selengkapnya saksikan di sini: https://t.co/DaQqcnURtn #rosikompastv https://t.co/b9BxadbtkC",
Simpati empati Rempang tp Calon yg didukung masih seputar dia2 orang juga..  ga ngerti lagi dah ah,
"Lah kasus hutang kereta cepat ke cina dan khususnya kasus Rempang untuk investor cina itu bukan penjajahan yang endors pejabat publik?  Untuk masyarakat Luas? Bullshit! Uangnya lari ke kantong kalian-kalian juga, makanya banyak yang nolak. https://t.co/TMAHYog684",
"Si @YaqutCQoumas ini kata suami saya seangkatan sama adik suami saya. Tapi suami dan adik suami, di SMA 1 Rembang, Yaqut SMA 2 nya. Disana bagusan SMA 1 nya daripada SMA 2 ya, ya gak Qut? 😁",
Pelatihan2 yg diberikan HIPMI niscaya akan membawa dampak postif bagi masyarakat Rempang  Bahlil Kawal Investasi #HIPMIRempang  https://t.co/G0PCHp6EK8,
"@geloraco Klw gw jd org rempang yg ditahan,gw janji setelah jd org biasa ni org dan masih dipulau jawa nnt gw buat hitung2an ama dy.akan ad wktnya lo.",
"Konflik Pulau Rempang, Legislator Sebut Investasi Tak Boleh Singkirkan Masyarakat https://t.co/vSdWnaGAvD",
Cek Fakta: Tidak Benar Tank dan Pasukan Bersenjata Dalam Video Ini Situasi Pulau Rempang Siap Tempur https://t.co/S2LbQrvuxz,
"Bahlil Kawal Investasi, Dalam upaya mendukung investasi ini, Hipmi siap berkolaborasi dengan pemerintah untuk meningkatkan keterampilan warga Rempang lewat pelatihan. #HIPMIRempang https://t.co/spr9UH8jLa",
"@IND0_Update @MataNajwa @Metro_TV @tvOneNews Patut diapresiasi juga tindakan HIPMI ini, ikut Pak Bahlil Kawal Investasi Rempang #HIPMIRempang",
Langkah menteri bahlil trus mendapat dukungan dari HIPMI untuk terus membangun Rempang Eco City yang dapat mensejahterakan masyarakat sekitar Bahlil Kawal Investasi #HIPMIRempang https://t.co/0xDvrZByfP,
"Bertemu Warga Sembulang Tanjung, Kepala BP Batam Bicara Soal Isu Miring Pengembangan Rempang Eco City https://t.co/oFw05qQjHv",
Dari awal kita yakin bahwa investasi yg ada di pulau rempang akan sangat membantu pertumbuhan ekonomi warga rempang.  @poskota  @rmol_id  Bahlil Kawal Investasi  #HIPMIRempang  https://t.co/MX1ssTTgdt,
"Diakui Fathul, HIPMI siap berkolaborasi dengan pemerintah dan juga investor di Pulau Rempang.  Bahlil Kawal Investasi  #HIPMIRempang  @jpnncom  https://t.co/sSE9ghJPY4",
Harus dikawal terus pak bahlil @bahlillahadalia jangan sampai warga rempang tidak menerima hak-haknya @kompascom @DPR_RI  Bahlil Kawal Investasi #HIPMIRempang https://t.co/f7evqrUKsU,
"@GunRomli Pa @ganjarpranowo mohon dibuka pa data proyek Wadas, biar kereta cepat dan Rempang nanti nyusul dibuka",
Terungkap! Marwan Batubara Sebut Motif Tersembunyi Investasi China di Rempang  https://t.co/fP6Qbd0mj5,
@CSzipel_ Semangat trs pakk Bahlil Kawal Investasi Rempang. semoga kolaborasi dengan HIPMI berdampak positif untuk masyarakat setempat. #HIPMIRempang,
"@tvOneNews Pak... di desa kami juga terancam.. mau nambah lahan , tapi hutan/belukar sudah di blok perusahaan yg mendapat izin permintah.  Perjuangan masyrakat rempang adalah kesadaran buat kami.",
"@papa_loren Jangan lupa  tanah warga melayu Rempang,itu milik mereka sejak abad 18. Lebih Baik Mati Berdiri Daripada Hidup Berlutut. Takkan Hilang Warga Melayu Di Bumi Indonesia. Esa Hilang Dua Terbilang. “Diam kita ditindas, kita harus bergerak utk menyelamatkan Bangsa Negara Indonesia ini” https://t.co/YIOINBSiUh",
Polisi Diminta Bebaskan 30 Warga Terlibat Unjuk Rasa Terkait Konflik Rempang https://t.co/dH5cf6dZkt,
"@IND0_Update @MataNajwa @Metro_TV @tvOneNews Ikut senang melihat Bahlil Kawal Investasi  Rempang Eco City melalui langkah-langkah konkretnya, apalagi proyek pembangunan ini mendapat dukungan penuh dari #HIPMIRempang",
Investasi rempang eco-city akan pastikan ekonomi masyarakat akan tumbuh dan maju Bahlil Kawal Investasi  #HIPMIRempang  https://t.co/HyJ0klKFly,
Kami sebagai masyarakat juga sangat mengapresiasi pendekatan pak mentri dengan warga rempang @jokowi @TVRINasional  Bahlil Kawal Investasi  #HIPMIRempang https://t.co/2UuRO2NPNJ,
Bahlil Kawal Investasi #HIPMIRempang memiliki keyakinan bahwa investasi Rempang ini akan berjalan sesuai harapan https://t.co/WDJP7NVm00,
"@geloraco Yang preman sebenarnya tuh elu,ngerampas pake semua2nya yg berseragam + lengkap dg senjata.blm lgi ngerahin orang2 bayaran bt ngebubarin acara mahasiswa yg ngebela rempang.bapak sehat ??",
@floreskekinian2 Wah Pak Bahlil dapet kepercayaan serta dukungan loh terkait investasi di Rempang Bahlil Kawal Investasi #HIPMIRempang,
DPR Dikritik Usai Sahkan Kilat RUU IKN |   Partai Buruh Bakal Uji Materi Undang-Undang Cipta Kerja |   Polisi Diminta Bebaskan 30 Warga Rempang  Selengkapnya di #BuletinPagi  https://t.co/YfsHIdinG7  #PodcastIndonesia https://t.co/aCYZ9mJ8Jt,
@iwantarigan @msaid_didu Kasus Rempang ini TDK masuk akal di musim politik bgini...membuat masyarakat bertambah TDK simpatik jelas merugikan..pdhal strategi politik ini menarik simpati masyarakat sebanyk2nya... ada apa di balik ini semua.?,
Buku Librari Ori - Reopening Muslim Minds https://t.co/63dl7wR5VH WR 1 Batik Air Kapolsek #AniesMuhaimin2024 Rempang Jenglot Putri KW Al Kahfi #MovingEp17 #HongKongOpen2023 Narnia https://t.co/8VY0camUVo https://t.co/vmlFZreGaa,
"Di Rembang si kurang lebih juga sama ya, tp stdaknya di rumah pake ac ndekem sampe sore, di kulkas tersedia es buah tinggal ambil. Di kos semarang, pake kipas udah paling banter pol jg masih seperti padang pasirr😩 https://t.co/WGj8vnnc45",
"Menteri Investasi Bahlil Lahadalia telah membuktikan proaktifitasnya dalam mengawal investasi Rempang. Keberhasilan ini adalah hasil dari kerja keras, komitmen, dan kesungguhan beliau dalam menciptakan kesepakatan yang adil dan berkelanjutan. #HIPMIRempang Bahlil Kawal Investasi https://t.co/EA0P2M8SS1",
Banyak pihak mengapresiasi kinerja Bahlil Kawal Investasi  serta pemenuhan hak-hak yg harus didapatkan warga di Pulau rempang  #HIPMIRempang https://t.co/KL7xeZNjcA,
Dpr dukung upaya bahlil untuk berikan hak warga yang terdampak dalam proyek rempang eco-city Bahlil Kawal Investasi  #HIPMIRempang  https://t.co/KJXHngt31T,
"@ismailfahmi @tvOneNews @tempodotco @geloraco @hc_poirot @never_alonely @voiceofpkb @PartaiSocmed @CNNIndonesia @SiaranBolaLive Mas Fahmi yang baik, Mohon pencerahannya ya Mas. Saya ketik tokoh rempang"" di filter tweeter, yg muncul ulasan Mas Fahmi dan lucunya muncul narasi seragam seperti latihan baris-berbaris dari akun2 baru netas dg postingan gambar seperti ini. https://t.co/oUt8uW5YEZ""",
"@CNNIndonesia CAFTA itu diratifikasi tahun 2002, era presiden jual Indosat, Proyek Rempang Eco City, dan banyak lagi....",
"Ganjar Pranowo kembali melakukan sidak proyek pembangunan Jembatan Juwana Pati. Usai memimpin Musrenbang Wilayah di Pendapa Kabupaten Rembang, Ganjar sowan ke sejumlah kiai. Setelah itu, Ganjar pulang melewati jalan Pantura Timur yang biasa macet.  #sahabatganjar #ganjarpranowo https://t.co/ptrojtsYgv",
@VIVAcoid Gak percaya omongannya semoga rakyat rempang tetap mempertahabkan tanah leluhurnya.,
"@VIVAcoid Ngigau kayaknya...kan dari dulu dah diomongin jebakan batman cina..bikin karet cepet, bikin ikn, rempang dikasih",
@AK__aja @jokowi 10.Isu orang2 dekat Presiden sengaja Merekayasa kasus Rembang utk menciptakan chaos spy @jokowi bisa mrmperpanjang jabatan 3 tahun,
"HIPMI yakin investasi Rempang akan membawa dampak positif besar bagi ekonomi nasional dan daerah. Dengan keyakinan ini, kita bersama mendukung agar proyek ini sukses dan masyarakat sekitar dapat merasakan manfaatnya. #HIPMIRempang Bahlil Kawal Investasi https://t.co/ZtZu1pEafJ",
Hipmi berkomitmen untuk meningkatkan keterampilan warga Rempang lewat pelatihan. Investasi ini membawa kesempatan baru. Bahlil Kawal Investasi  #HIPMIRempang https://t.co/GUiqppRdmN,
"Sebenernya aneh gak sih, hari raya politik harusnya menjadi tahun mencari simpatik kpd rakyat, nah ini justeru pemerintah memaksa pengambilan paksa tanah Rempang dengan alasan ada yg mau investasi,belakangan diketahui klaim Bahlil bkn hanya xinyi yg akan investasi, ada apa ini ? https://t.co/LbD8KmevDs",
"@Heraloebss Yg mnjadi pertanyaan knapa berita2 tentang jessica wongso itu dibuka lagi mndekati pemilu,ramainya soal tanah warga rempang hingga soal KCIC..knapa tdk di waktu tenang sblum2nya..jk memang dirasakan ada kejanggalan dlm kasus kopi.Sianida???..apakah krn difilmkan jd ramai.lagi?🤔",
Pemerintah mengklaim investasi Xinyi International Investments Limited atau Xinyi Group di proyek Rempang akan masif.  https://t.co/hBGFkwghdD #mediadigitalcpp #indotvlive #xinyi #rempang #pulaurempang https://t.co/MMqFD18s6M,
"@msaid_didu Saya mau tanya sm bapak, kalo mau jelang pemilu biasanya langkah apa yg di lakukan pemerintah dan partai politik koalisinya..??? Terpikir TDK ada kejanggalan dr kasus Rempang ini di angkat di saat jelang pemilu..???",
Wah kece banget nih program dari #HIPMIRempang Tujuannya jelas dan sejalan dengan komitmen Bahlil Kawal Investasi di pulau Rempang. @PKSejahtera  @PAN https://t.co/DabE3yKVgE,
"HIPMI memiliki keyakinan bahwa investasi di Rempang akan menciptakan lapangan pekerjaan, meningkatkan pendapatan daerah, dan memberdayakan masyarakat. Dukungan Bahlil Lahadalia sangat berarti dalam mewujudkan visi ini. #HIPMIRempang Bahlil Kawal Investasi https://t.co/Zrhaw6bWCg",
"“Mereka yang saat ini ditahan akibat kejadian 11 September 2023 tsb karena wujud solidaritas untuk warga #Rempang. Upaya penangguhan atau pengalihan jenis penahanan ini juga merupakan langkah hukum yang diatur dalam undang-undang,”-- LBH Mawar Saron Batam  https://t.co/ezF1vbBnTs",
"Investasi Rempang Eco City, Harapan Bagi Perekonomian Nasional! HIPMI Siap Berkolaborasi dan Meningkatkan Keterampilan Warga Lokal. 🙌💪 Bahlil Kawal Investasi  #HIPMIRempang https://t.co/JvllqmQcWj",
"REMPANG SDG DIHANCURKAN OLH SITUA BANGKA LUHUT BINSAR PENJAJAH BANGSA SENDIRI, YG TDK TAHU DIRI DAN TAK TAHU MALU, DIGAJI OLH RAKYAT MENGABDI PADA CINA   KAPOLRI FAHAM HUKUM TAPI MEMPERMAINKAN RAKYAT MENDUKUNG PARA PENJAJAH BANGSA SENDIRI https://t.co/kdYJC4Zmdx",
"Tolak Bebaskan Warga Rempang yang Ditahan, Bahlil: Kalau Dibiarkan, Kita Jadi Negara Preman https://t.co/wMu8zYSOMO",
Kita apresiasi kepada #HIPMIRempang yg terus mengawal dan mendukung langkah menteri @bahlillahadalia mensukseskan rempang eco city.  @detikcom  @kompascom  Bahlil Kawal Investasi https://t.co/LckLOOler8,
"@dwioktariyadi Kedoknya aksi bela Rempang, tapi di spanduk-spanduk mereka jelas tersirat agenda politik mereka, mendirikan negara Khilafah",
@msaid_didu TDK terpikir kasus Rempang ini aneh pak di musim2 politik ini?? Sbgaimn org2 curiga bnyk politikus di panggil KPk di musim politik ini..,
"Hendaknya LBH atau para Advokad turun tangan.  Apa dasar hukumnya warga Rempang ditahan, mrk bkn melakukan kejahatan, melainkan membela dan mempertahankan hak milik tanahnya dari dirampas semena mena",
Menteri Investasi Bahlil Lahadalia dan Hipmi bekerja bersama untuk menciptakan lingkungan investasi yang inklusif dan berkelanjutan di Rempang Eco City. Bersama kita membangun masa depan yang lebih baik untuk semua! Bahlil Kawal Investasi #HIPMIRempang https://t.co/wBZmrm2Ben,
Sukses Investasi Rempang: Peran Proaktif Menteri Bahlil dan Kolaborasi Bahlil Kawal Investasi  #HIPMIRempang https://t.co/FTpaeM6ihN,
Pak Bahlil menjadikan partisipasi warga dan UMKM sebagai fokus utama dalam investasi Rempang. Kemitraan yang erat ini menciptakan pertumbuhan ekonomi yang merata dan berkelanjutan bagi seluruh komunitas lokal. #HIPMIRempang Bahlil Kawal Investasi https://t.co/Ez9RQdLzNK,
"@6undul0h Maklum...dari awal Pak Presiden sudah menyebut ada masalah komunikasi"" soal Rempang ini... Wajar saja klo ada pejabat yg logika bahasanya aneh2 kyk gt... 🤣""",
@IND0_Update @MataNajwa @Metro_TV @tvOneNews Menteri Bahlil telah memainkan peran yang sangat positif dalam mengawasi proyek Rempang Eco Park. Bahlil Kawal Investasi #HIPMIRempang,
BP Batam siapkan UKM Center untuk menyiapkan warga sekitar Rempang  Bahlil Kawal Investasi #HIPMIRempang https://t.co/8KZaA976T8,
Tapi demo perduli rempang tempo hari di bubarkan oleh preman. Masok angen. 😵‍💫😵‍💫 https://t.co/rB2HYS6OX4,
"@democrazymedia nah modal apbn rupanya. hrsnya bp batam, bahlil cs yg ditahan bukan warga rempang yg demo.",
"@tvOneNews Bebas kan warga yang di tahan di Rempang masyarakat sudah capek dengar stekmen preman berdasi dan cukong, saatnya masyarakat bersatu",
"@msaid_didu @KompasTV @tvOneNews @BEMUI_Official @aniesbaswedan @mohmahfudmd @Metro_TV Goreng2masalah rempang, penggusuran oleh rezim, eh ini, PT BMS punya si chaplin bos nya @msaid_didu sama juga gusur lahan padi warga,yg dah lama ada disitu sama juga kek di rempang,ya  besaran dikit rempang,cuma ibarat maling sepeda komentarin maling mobil🤣👇 @sofiesyarief https://t.co/RZ8a8tlmqw",
"@HusinShihab Lucunya pembela rejim ini... cb tanyakn ke mentri bahlul mu, mnuduh asing bermain di rempang jg tdak dgn data.. mahmud md mnuduh 375T jg tdak jlas pelakunya.. bahlull dan asbun entee",
AIRLANGGA DATANG SAMPAIKAN KEPASTIAN DARI PEMERINTAH BAGI WARGA PULAU REMPANG #airlanggahartarto #golkarindonesia #golkarprabowo #prabowo #pilpres2024 #pemilu2024   @airlangga_hrt @golkar_id @kabargolkarnews https://t.co/KAfRQUZnBJ,
Pak Bahlil selalu mendukung investasi yang ada di Rembang dan selalu memastikan kesejahteraan masyarakat Rempang akan meningkat   Bahlil Kawal Investasi #HIPMIRempang  https://t.co/2K4sX6MAdO,
HIPMI mengapresiasi menteri Bahlil dalam proyek Rempang Eco Park dan meyakini bahwa investasi akan berjalan lancar dan mensejahterakan warga sekitar Bahlil Kawal Investasi #HIPMIRempang https://t.co/0l2gn4sMQB,
Sebagai perwakilan pemerintah Bahlil Kawal Investasi  Rempang Eco City dengan konsisten  dan selalu memastikan investasi ini bisa berjalan dengan baik. #HIPMIRempang yakin bahwa investasi Rempang ini akan berdampak positif bagi perekonomian nasional dan daerah https://t.co/J1p0KrLj7s,
"Bismillah,  Rezim Jokowi sgt Afkir &amp  Kadaluarsa, Terlalu banyak issu &amp  kasus di negeri ini &amp  jd konsumsi rakyat yg arahnya perpecahan, hanya hitungan bulan saja issu rezim jokowi bikin tak tenang negeri ini, mulai cawe-cawe, rempang, kerja politis kpk dlm soal korupsi,dll, dll.",
@tvOneNews Jadinya tanah milik warga Rempang diserobot negara untuk kapitalis....ini negara Pancasila atau komunis kapitalis?,
"@SyaikhuMochtar Harapan rakyat TNI lbh baik jaga NKRI dari ancaman  pihak asing,bkn seperti kelakuan oknum TNI menyuruh PITING warga Pulau Rempang yg demo mempertahankan tanah milik adat melayu yg sdh mrk huni sejak abad 18,yg akan di gusur rezim penguasa.  TNI bkn jongos pengusaha dan penguasa. https://t.co/65haJp1s2h",
Seorang pria terlihat marah kepada para aparat yg sering menembakkan senjata di #Rempang dan ada seorang anak buta karenanya  Dia menantang aparat utk melawan Masyarakat tanpa senjata https://t.co/soD6elLQch,
"Panglima Pajaji sesumbar kerahkan pasukan selamatkan warga Rempang Batam, cuma mau cari panggung saja https://t.co/6BB7WwN4El",
@tukiman_sakti @ike_hw71 @kangdede78 @cakimiNOW gimana tdk tahu wong dia sendiri yang janji mau sertifikat tanah aja tdk di lakukan ..padahal di rempang pemilu dia sdh menang..tp janji ya tinggal janji lupa lupa lupa lupa lupa lupa terus,
"Dituding Bohong soal Investasi Rp175 Triliun di Rempang, Bahlil: Mana Pernah Saya Bohongi Publik https://t.co/sNuXCTfbZq",
"Lalu bagaimana kasus Rempang? Pak Mahfud sebagai Menkopolhukam tentu bisa saja membela rakyat Rempang. Tapi pak Jokowi, menko marves dan menteri Investasi kan ingin ada investasi besar besaran di Indonesia. Presiden yang harusnya mikir apakah investasi ini merugikan rakyat.",
Konflik Rempang Belum Usai! Ramai-ramai Massa HMI Demo Anarkis di Kantor Bahlil https://t.co/TiUKbU8uQ0,
"Bahlil nekat tapi gapake nalar. Akut!  Guru Besar UI Prof. Ronnie: Xinyi di Rempang bukan cuma soal pasir kuarsa, tapi soal Strategic location arahan pemerintah China https://t.co/RQuzTRTdzu",
"Bermula dari Pulau Komodo, ada PSN dan penduduk Laboan bajo yg sdh menghuni ratusan tahun, digusur dan direlokasi yg membuat mati pencaharian mereka. Sekarang Rempang. Masih mau lanjut rezim @jokowi ?https://t.co/gy9N2b2MyU",
"Hipmi memiliki keyakinan bahwa Bahlil Kawal Investasi Rempang ini akan berjalan sesuai harapan, berdampak positif bagi perekonomian nasional dan daerah.  #HIPMIRempang https://t.co/pWK1sJGaxu",
"@kretekmantab @korantempo beda ama rempang. Ikn panglima setuju bahkan yg menolak di ancam, rempang warga menolak. Jadi buat ini saya setuju buat kalian nikmati aja.😅",
@BennyHarmanID Kalo yg dibahas masalah Rempang dan utang bagus. Tapi kalo ada maunya ingin kekuasaan yah sungguh ironi,
"Sebutan Preman atau pemberontak bagi  warga yg membela hak nya ini biasa di ucapan VOC ..❓  Bahlil Tolak Bebaskan Warga Rempang: Kalau Dibiarkan, Negara Kita Jadi Negara Preman https://t.co/3I8MsSGPGF",
"Kami mendukung penuh atas kinerja pak mentri, sehingga investasi rempang berjalan dengan lancar @jokowi @KompasTV  Bahlil Kawal Investasi  #HIPMIRempang https://t.co/4NVyTHMF66",
@Ronnie_Rusli Artinya kita tinggal tunggu pengumuman pembatalan yg disampaikan secara heroik  demi kepentingan  rakyat rempang ya prof?,
Pemerintah dalam hal ini harus melindungi hak warga rempang yang terdampak proyek EcoCity @jokowi @KompasTV  Bahlil Kawal Investasi  #HIPMIRempang https://t.co/RRw1IfoRy9,
@Stev3n_Peg3l @KompasTV Rempang kejauhan bos. Lah wong moso masyarakat sendiri y juga tdk dipikirkan nasibnya. ( Wadas ),
Apresiasi pak Bahlil berikan hak pada warga rempang yang terkena dampak investasi. Bahlil Kawal Investasi  #HIPMIRempang https://t.co/mm3iVVE8We,
"Bahlil Tolak Permintaan DPR dan Komnas HAM agar Peserta Demo Pulau Rempang Dibebaskan  Kalau dibiarkan, negara kita jadi negara preman,"" ujar Menteri Investasi Bahlil Lahadalia  https://t.co/XFKf8kq51E""",
Selagi Pak Bahlil Kawal Investasi beliau juga turut perkuat keterampilan warga Rempang melalui pelatihan... Langkah ini perlu diapresiasi sih #HIPMIRempang https://t.co/W7kJoQP2E2,
"68% penjualan XG di pasar lokal China. XG pernah lakukan investasi yg sama di Gresik dan Babel, tapi tdk jelas ujungnya.  2. Pemerintah menyatakan 80% warga rempang tanahnya tdk bersertifikat dan mereka sdh setuju utk direlokasi. Faktanya, 80% warga Rempang memiliki alas hak SHM",
Memperkuat Investasi Rempang: Sinergi Menteri Bahlil dan Hipmi Bahlil Kawal Investasi  #HIPMIRempang https://t.co/KmBA3eb8R6,
"Konflik Rempang Eco-city terus berlanjut. Saat ini penolakan tidak hanya datang dari warga kampung tua asli yang terdampak relokasi, namun juga dari para nelayan. https://t.co/xYKYiBbvpQ",
"Sosialisai Gratifikasi, SPIP, dan Benturan Kepentingan Polres Rembang dalam rangka pembangunan Zona Integritas menuju WBK dan WBBM Polres Rembang Tahun 2023 https://t.co/G2tJL8yl7w",
@IND0_Update @MataNajwa @Metro_TV @tvOneNews Teruskan pak Bahlil Kawal Investasi. Rempang bener2 harus mendapat pwrhatian penuh. #HIPMIRpempang,
"Menteri Investasi/Kepala Badan Koordinasi Penanaman Modal (BKPM), Bahlil Lahadalia menyatakan warga Rempang tidak ingin ada aparat dalam proses pergeseran atau relokasi mereka dari tempat tinggalnya sekarang ke tempat yang baru.  #IDNTimesBusiness   https://t.co/AIWZVot6iZ https://t.co/6QTzSZhLhT",
"TERIMAKASIH PEMERINTAH"" ""Kami warga rempang sukarela untuk dipindahkan, jadi tolong jangan ada provokasi lagi."" https://t.co/lh2Ze6z4Cn""",
"Selain memberikan Apresiasi kepada Menteri Bahlil Kawal Investasi atas pendekatan Pak Bahlil melakukan sosialisasi, #HIPMIRempang siap memberikan pelatihan Wirausaha untuk warga Rempang yg terdampak. @sandiuno  @ridwan",
"Pernyataan sikap masyarakat Sembulang MENOLAK DENGAN TEGAS RELOKASI/PERGESERAN!!!  Rempang, 03 Oktober 2023 https://t.co/sTRMY73fUZ",
"Berharap ada akibat dari kasus rempang, dan akibat itu semoga sumatra merdeka spy lbh terhormat fan bermartabat krn skg sdh di acak2 olh penjahat yg jd penguasa",
Milik Pertamina bisa diurus sedangkan milik rakyat rempang krn itu milik adat disana bukan diurus karena ada uang sampe rakyat rempang diusir   https://t.co/HvIQCvWG3M,
"#Rempang  @NSAGov @CIA #MSS  Kita menemukan Jejak Blackrock, Evergreen di kasus rempang, Clasified doc (TopSecret), yg di mulai sejak beberapa tahun lalu, di ketahui oleh Rockefeller, Bank Dunia, IMF.  Tp tdk hny di rempang, semua PSN ada jejaknya,khususnya IKN, KCJB, Rempang.",
@NinzExe07 mereka bulak balik tuk rampas hak rakyat rempang apa nga punya perasaan ya hanya untuk kekuasaan moga aja tuh yang mendzalimi rakyat cepet dipanggil ma Allah kasian rakyat,
Dpr akan dukung terus langkah pak bahlil dalam memenuhi hak warga rempang yang terdampak dalam pembangunan rempang eco-city Bahlil kawal investasi #HIPMIRempang  https://t.co/aqTyLWgK0T,
@titaniumarse @fransisca_ning wumao model @fransisca_ning ini kalo kita kritis sama RRC akan dibelokin sama dia kalo kita pro USA. Gw rasa @aditya_ptr97 temen2 dia jg. Cuitan akun bodong dia jadiin kesimpulan peran besar USA di rempang hadeeeuuuhhh,
@Ronnie_Rusli @tvOneNews @didienAZHAR Kalau begitu sebaiknya kasih kesempatan investor masuk di Rempang agar bisa menyusul Singapore,
"Sodara sodariku sebangsa dan setanah air, selagi nyawa masih dikandung badan JANGAN PERNAH lupakan wajah orang ini. Kalau perlu ceritakan ke anak cucu bahwa orang ini berwawasan luas seluas PULAU REMPANG.  . . . JASMERAH https://t.co/Ospj7gqbMW",
Pencapaian pengembangan Rempang Eco-City tidak lepas dari upaya Pak Bahlil Kawal Investasi yg proaktif melakukan pendekatan yg humanis dan persuasif mendapatkan apresiasi dari #HIPMIRempang @PartaiPerindo @Nasde,
"@HusinShihab @AgusHamra @AntoniusCDN 1-Tidak menjawab bukan berarti berita bohong..jangan logical Fallacy..  2-sebenernya tidak ada yg bisa memungkiri bahwa proyek rempang Eco City itu adalah pesanan TW dan investor china ini.. penandatanganannya ini juli sepulangnya dari China,Agustus jdi proyek PSN https://t.co/iSZsFgCi7Y",
@tvOneNews Ya Rabb lindungilah saudara 2 kami di Rempang dan di tempat 2 lain yang sedang terzalimi. Aamin https://t.co/Tg1k1W64cS,
@floreskekinian2 Bahlil Kawal Investasi di Rempang. Pak Bahlil juga melakukan pendekatan yang harmonis dan pasti akan tetap memastikan masyarakat Rempang mendapatkan haknya #HIPMIRempang,
"@IND0_Update @MataNajwa @Metro_TV @tvOneNews Selamat kepada Dukung Investasi, HIPMI, dan Menteri Bahlil atas kolaborasi yang luar biasa dalam mengawal proyek Rempang Eco Park. Bahlil Kawal Investasi #HIPMIRempang",
"@tvOneNews Jangan sampai terjadi gejolak di masyarakat seperti yg ada di rempang sekarang, jangan sampai terjadi juga masalah di masyarakat seperti tahun 1998, PIKIRKAN ITU!!!",
@IND0_Update @MataNajwa @Metro_TV @tvOneNews Keren emang pak Bahlil Kawal Investasi di Rempang. Gak main main kinerja nya pak bahlil. #HIPMIRempang,
"Hoaks Seputar Bentrokan Pulau Rempang, Simak Kumpulannya Biar Tak Terprovokasi https://t.co/872El6PXQB",
HIPMI apresiasi pro aktif pada kinerja  Bahlil Kawal Investasi di Rempang #HIPMIRempang https://t.co/AtTy4UWZrn,
#TemanPemilih Ketua KPU Rembang Mengikuti Rakor Lintas OPD Rumpun Pemerintahan dan Pembangunan Manusia Kabupaten Rembang di Aula Kantor Badan Perencanaan Daerah Kabupaten Rembang (21/3)  #kpumelayani  #pemiluserentak2024 https://t.co/DwVdT16Hkg,
@tvOneNews Bukannya Pemerintah yang Preman?  - Menyuruh warga Rempang mengosongkan rumahnya tapi tdk ada tempat pengganti - Bangun Eco City tanpa Amdal  Parah,
@GessyHGanie @GibraltarNc @HukumDan @NenkMonica @MCAOps @Aline_Y_Tan @logikapolitikid @PartaiSocmed @Benk299120211 @RevolusiAkhlaq2 @NIAS2013 @Nicho_Silalahi @MprAldo @Ilen_Srg @t3luuur @HelmiFelis_ @fadlizon @Asan_Almadury @GubernurPribumi @tvOneNews @BEMUI_Official @sema_stei @mahasiswaunj Ini yg mau buldoser warga yg tolak Rempang Eco City? Semoga gk bangun lagi.,
"Keterlibatan warga sebagai subjek pembangunan adalah langkah tepat dalam investasi Rempang. Bersama, kita ciptakan win-win solution! Bahlil Kawal Investasi  #HIPMIRempang https://t.co/USuShhk11Q",
Banyak pujian yang datang untuk bahlil lantaran keberhasilannya dalam merangkul Rempang. Bahlil Kawal Investasi  #HIPMIRempang,
"TERIMAKASIH pemenrintah "" "" kmi wrga rempang sukarela untk dipindahkan, jdi tolong jgan ad provokasi lagi. "" https://t.co/ChOtH4coaa""",
"Bahlil Lahadalia Diduga Suruh  Sekelompok Preman Bubarkan Aksi Bela Rempang yang Dilakukan Aliansi HMI Jakarta  Aksi bela Rempang dilakukan HMI  di Depan Kantor Kementrian Investasi/BKPM Senin siang, 2 Oktober 2023.  https://t.co/aE2rPVICKI https://t.co/wv8E4FUhiF",
"@geloraco Bilang negara ini negara preman bila bebaskan demonstran rempang, die sendiri diduga nyuruh reman bubarin demonstran, muna lah kau😑",
"Ini maksudnya apa? Yg ngasih konsesi ratusan tahun buat perusahaan asing siapa?? Kereta cepat, IKN, Rempang 🤔🤔🤔",
"Salah satu contoh media berita yg dikuasai China, yg terjadi dilapangan HMI bela rempang, tiba2 dateng preman sebagai masa tandingan, sama seperti demo aliansi buruh, dicegat masa partai buruh dan preman !  Ah benci amat kalian pada mahasiswa !",
"@Widyarenee @a_yudhawastu @temponewsroom Kami dulu memilih jokowi tante, tapi merasa kecewa bolehkan?? Masalahnya ini soal negara indonesia yg luas,, sy perhatikan janji buatkan sertifikat masyarakat rempang dalam 3bulan kok malah di gusur juga, nyata2 lagi omongannya terbalik",
"@kurniawanaghil Lihat muka yg teriak2 minta borgol.  Tampakkan kemarahan. Maklum kl sdh jd penegak hukum tp sekaligus penghamba cuan. Lihat kelakuan mrk di Rempang, Sulawesi, Lampung, dll. Sama semua.",
"@realAmienRais Pak Amien, Posko Rempang ga ada update informasinya. Mohon diminta secara berkala informasikan updatenya pak.",
"Halo#SahabatData..  Tau kan kalau hari ini 5 Oktober 2023, pasti ingat kan sahabat data  Hari ini adalah Hari Ulang Tahun Tentara Nasional Indonesia    Tema kali ini adalah TNI Patriot NKRI: Pengawal Demokrasi untuk Indonesia Maju  Selamat Hari TNI ya untuk KODIM 0720/rembang https://t.co/S0vluCTPrf",
"Investasi Pabrik kaca China di Rempang itu, hanya modus perampasan tanah adat bangsa Melayu",
@korantempo Bentar lagi m3ledak kayak rempang...warga gak tahu jika tanah mer3ka sudah digadaikan 190thn 🫢🫡,
"Berurai Air Mata, Keluarga Warga Rempang yang Ditangkap Polisi Minta Dibebaskan: Kami Hanya Berjuang Mempertahankan Kampung  Penjajahan Berkedok NKRI Harga Mati!   https://t.co/8w7erybHv0",
Isak Tangis Warga Rempang Mohon Polisi Bebaskan Keluarga Mereka https://t.co/ShCvc83N2F lewat @YouTube https://t.co/nKSNiMMN8W,
@IND0_Update @MataNajwa @Metro_TV @tvOneNews Semenjak ada pak bahlil semakin berkembang Rempang . Bahlil Kawal Investasi #HIPMIRempang,
@RagilSemar Andai warga Rempang dipaksa digusur sm pemerintah preman. Pengen sih semua rakyat kompak untuk turunkan pemerintah. Bodo amat mau dikatakan negara preman. Dulu para pejuang jg dikatakan sbg extrimis sm belanda &amp  sekarang kita katakan belanda sbg penjajah. Cc @bahlillahadalia,
"Keberhasilan Rempang Eco City bukan kebetulan, melainkan hasil dari dedikasi Hipmi dan Menteri Bahlil Lahadalia.  Bahlil Kawal Investasi #HIPMIRempang https://t.co/YgULWEMYSx",
"Bahlil Kawal Investasi rempang jadi meningkatkan kesejahteraan masyarakat jadi lbh baik, mantap deh Pak 👍 #HIPMIRempang  https://t.co/XAFcuB72Kr",
Apa Peran Tomy Winata dalam Proyek Rempang? Ini Kata Bahlil Selengkapnya saksikan di sini: https://t.co/DaQqcnURtn #rosikompastv https://t.co/AXk0hKqt7P,
https://t.co/laOHu8GCSs warga Pulau Rempang yang terkena dampak pembangunan  Rempang Eco City untuk tidak khawatir dengan kompensasi yang diberikan pemerintah.  Bahlil Kawal Investasi #HIPMIRempang,
"Keberhasilan investasi Rempang tak terlepas dari proaktifitas Menteri Bahlil. Dengan konsistensinya dalam memastikan kesepakatan yg adil, ia membuktikan bahwa investasi yg sukses memperhatikan kepentingan semua pihak. #HIPMIRempang Bahlil Kawal Investasi https://t.co/510sdTLyIm",
"@floreskekinian2 Keren pak Bahlil yang bisa memberikan hak buat warga Rempang Eco City yang terdampak investasi, Bahlil Kawal Investasi #HIPMIRempang",
"Kalau satu paket sembako  Rp100.000 x100 pas 10 juta,berarti sdh bisa membantu 100 Kepala Keluarga di Pulau Rempang,Galang,mereka masih membutuhkan dan masih Bertahan di tanah Leluhur mereka..",
@jokowi Artinya investasi di #Rempang batal ya pak 👍🏻  Jal ngomong ngono ket mbiyen nggak perlu turunkan aparat di adu domba dengan rakyat,
Kita yakin bahwa investasi rempang akan berjalan sesuai harapan.  @bahlillahadalia  @mediaindonesia  Bahlil Kawal Investasi  #HIPMIRempang https://t.co/cjkJL1feft,
"Konflik Rempang, Gusur Rakyat Adat demi Investasi? Selengkapnya saksikan di sini: https://t.co/DaQqcnURtn #rosikompastv https://t.co/5yoiU07KFn",
"Gubernur Jawa Tengah, Ganjar Pranowo kembali melakukan sidak proyek pembangunan Jembatan Juwana Pati. Namun, sidak kali ini berbeda karena dilakukan malam hari, yakni pukul 22.25 WIB.  Usai memimpin Musrenbang Wilayah di Pendapa Kabupaten Rembang, Ganjar sowan ke sejumlah kiai. https://t.co/yphSpvM7uN",
"Dalam proses pendekatan dengan warga rempang, kita patut acungkan jempol lantaran menteri @bahlillahadalia konsisten dengan pendekatan humanisnya.  @republikaonline  @rmol_id  Bahlil Kawal Investasi  #HIPMIRempang https://t.co/fimXbYH8jG",
Jawaban Menohok Bahlil Usai Dituduh Bohong soal Investasi Rp 175 T di Rempang   https://t.co/tyotUhBZGe. https://t.co/gV3HPEBaJH https://t.co/tyotUhBZGe,
"@henwizaniko @VIVAcoid Sejak kasus rempang jadi males pemilihan presiden, mau milih P sih tapi udah males sama pemerintah sekarang.",
@Humairah_922 Saya org melayu Rempang Tanah kami bukan tanah TW kecuali kalian penjajah ??? Dan Penjajah harus di lawan ...Merdek Allahu Akbar !!! 🇮🇩❤️😍👌🙏,
"@kumparan Opung moga cepat sembuh,tanggung jwabmu  masih menumpuk.warga Rempang blm kamu gusur.takutnya investasi kabur lagi.🫣🫣🫣🫣",
@OposisiCerdas Ombudsman Temukan BP Batam Tak Punya Sertifikat Hak Pengelolaan Lahan Rempang https://t.co/xXtvKbDrQM,
"Ombudsman Sebut Menteri Bahlil Hanya Temui Warga Rempang yang Setuju Relokasi, Ini Klarifikasinya Selengkapnya saksikan di sini: https://t.co/DaQqcnURtn #rosikompastv https://t.co/QbZNYk9S0R",
"Asik seorang menteri pkai cara preman, sampai² seorang menteri sewa preman untuk bubarkan aksi HMI yg bela rempang gmn yg lainnya ya ada yg buzzer Rp untuk menjatuhkan lwn politik nya ada pkt elit kekuasaan nya untuk menyingkirkan rakyat nya seperti polisi TNI KPK kejaksaan dll",
Sarmuji Minta Kepala BKPM Selesaikan Masalah Investasi Rempang Secara Komprehensif #airlanggahartarto #kuningkeren #sayagolkar #partaigolkar #golkarpedia https://t.co/Lcz5F3HK6T,
JANJI JOKOWI PALSU...  WARGA REMPANG TAGIH JANJI JOKOWI YANG MAU BERIKAN SERTIFIKAT TANAH TUA DI REMPANG....‼️  #BahlilMenteriPremanisme  #BahlilMenteriPremanisme  🆘🆗 https://t.co/EAhHcEX3jJ,
"Bismillah  Kemerdekaan mana yg di dapat Warga Rempang jika mereka terusir dari Tanah Nenek Moyang Mereka.  Kemerdekaan apa yg didapat Warga Rempang jika yg berjuang demi mempertahankan Kampung Tua, malah ditangkap &amp  dijadikan tersangka!!  Indonesiaku 😔  #BebaskanBangLong https://t.co/e6yPFjfDRh",
"@andre_rosiade @PSSI @erickthohir @Maruarar_Sirait @NajwaShihab Itu bukan offside uda ,  Itu bola muntah 100%  gol. ==  Urus Rempang aja uda 🤣😂🤣😂",
@tvOneNews Kalo Benar Pernyataan Wako Batam EX-OFFICIO Kepala BP bahwa Relokasi RAKYAT Rempang dibatalkan maka : 1. Segera Lepaskan RAKYAT Rempang &amp  Batam Yg masih ditahan di Polresta Barelang 2. Segera Proses JANJI Jokowi urus Sertifikat  RAKYAT Rempang atau Wako Batam cuma PEMBOHONG BESAR,
"Pak Bahlil teladan proaktifitas dan integritas. Beliau tidak hanya mengawal investasi Rempang, tetapi jg memastikan terciptanya kesepakatan antara warga setempat dan investor. Kami bersyukur memiliki pemimpin yg konsisten dlm memajukan negeri. #HIPMIRempang Bahlil Kawal Investasi https://t.co/5IQhUMF8Ai",
"@tvOneNews Udah jelas y suka melanggar HAM tuan mu, terbaru di pulau rempang, demi menggaet investor, hak rakyat dirampas",
"Hukum mati Sambo, Hukum berat pelaku tragedi kanjuruhan, Keadilan untuk Wadas, Keadilan untuk Rempang   Dan masih banyak yg lagi kasus ham lainya  @ganjarpranowo @PDI_Perjuangan @jokowi",
"KENAPA tidak dibawa kesidang DPR, kenapa HARUS ditutup jika pajak dll dibayar, bagaimana nanti nasib karwannya, ini HARUS dipelajari , hati2 dgn rempang SEBELUM di Kasi ke PT MEG, jgn TERJADI SAMA dgn perkara Hotel sultan , KELIRU BLUNDER",
Saya setuju dengan #HIPMIRempang yang memberikan apresiasi atas usaha humanis Pak Bahlil Kawal Investasi di Rempang Eco City https://t.co/xSN3EnxtfG,
Pajak Pati berpartisipasi sebagai Narasumber dalam Sosialisasi Kewajiban Perpajakan Koperasi bersama Dinas Perdagangan dan Koperasi UKM Kab Rembang Selasa (19/09) di Hotel Fave Rembang.  Materi perpajakan yang disampaikan adalah terkait Kewajiban Perpajakan Koperasi. https://t.co/FGVuoyldS8,
"@msaid_didu Musim politik kok pemerintah mau gusur, logikanya kan mencari simpati rakyat...merugikan partai koalisi kalo bgini apalagi mslh gusur... ada apa sbnrnya di balik ini..?? Rencana apa di buat pemerintah dgn mengangkat kasus ini.?? Apa yg laen TDK curiga dgn kasus Rempang ini..?",
"Bahlil memang sangat baik dalam menghadapi banyak hal seperti kasus Rempang, kita hormat sama beliau. Bahlil Kawal Investasi #HIPMIRempang",
@IND0_Update @MataNajwa @Metro_TV @tvOneNews semangat dan sukses terus pak Bahlil Kawal Investasi ini demi kesejahteraan warga rempang #HIPMIRempang,
"Menteri Bahlil Luruskan soal Rempang, Perindo: Investasi Majukan Ekonomi dan Rakyat Harus Dilibatkan https://t.co/FdiOaeFG6v",
Hanya manusia bodoh alias kecobong harm jada percaya rempang itu tidak ada apa apa nya.,
"Pada 2022 Di Gresik, katanya mau investasi US$700 juta. November 2022 mau bangun pabrik di Babel US$6 miliar-7 miliar. Juli 2023 di Rempang US$115 miiar.  Dua yg pertama terbukti omdo alias omong doang. Melihat kemampuan keuangan Xinyi, bisa jadi yg di Rempang juga cuma bluffing",
"Gubernur Jawa Tengah, @ganjarpranowo kembali melakukan sidak proyek pembangunan Jembatan Juwana Pati. Namun, sidak kali ini berbeda karena dilakukan malam hari, yakni pukul 22.25 WIB.  Usai memimpin Musrenbang Wilayah di Pendapa Kabupaten Rembang, Ganjar sowan ke sejumlah kiai. https://t.co/N3SCPDkH0Z",
"@acenk0421862189 @Widyarenee @temponewsroom Saya dari Kepulauan Riau btw...emang Jokowi menang kok di Rempang, dia keliling Riau jualan kampanye bagi bagi sertifikat tanah gratis, karena di Batam Bintan ini rawan konflik antar perusahaan dan masyarakat adat",
"Selain fokus terhadap pembangunan, pak bahlil juga akan pastikan untuk memenuhi hak-hak warga rempang yang terdampak investasi @detikcom @bahlillahadalia   Bahlil Kawal Investasi #HIPMIRempang https://t.co/DPplMIhAhS",
IBU2 WARGA MELAYU REMPANG-GALANG Lempar muka BAHLIL dan ANJING2 KOMUNIS BERSERAGAM dengan telur busuk! Dan kalian yg laki2 lawan perjuangan kalian dengan bergerilya menggunakan senjata apapun BUKAN WAKTUNYA LAGI BERSIKAP LEMBUT! https://t.co/hTiCl0MPPZ https://t.co/WaEY5qI1Ue,
@tvOneNews KOWE OJO DADI PENJAHAT RAKYAT REMPANG BRO BAHLIL AKAN DI INGAT TERUS OLEH RAKYAT REMPANG.,
"Kalau Keliru BATAL kan Niat untuk Menggusur REMPANG..!? Jangan Modal Minta Maaf"" pokoknya TOLAK penggusuran Warga Rempang.☝✊""",
"Aksi kader Himpunan Mahasiswa Islam (HMI) membela masyarakat Rempang di depan kantor Kementerian Investasi/BKPM dibubarkan paksa oleh preman bayaran.   Mantan Ketum HMI Cabang Jakarta Barat, Rhezki Jovie Pratama menyayangkan, sebagai senior HMI, Menteri Bahlil bukan menjadi… https://t.co/4cGhfHktjD",
AQSO Edisi Spesial: Ditemukan Jejak Melayu Rempang dalam Dokumen Sejarah Belanda - UAH https://t.co/Cxkxuq9oiw,
Menteri Bahlil Pastikan Investor Rempang Eco City Tidak Cuma Xinyi https://t.co/VvakvoIE8v via @nawacit4,
Preman &amp  Provokator di REMPANG - memang layak menerima hukumannya.... dan cari Mereka yang bertendensi MAKAR..... https://t.co/u5XsMQpNtd,
@ferdinanJefry @papasito_OF @tvOneNews Jgn asal ngomong bang klo g mau ngedukung masyarakat Rempang mending diam aja bang supaya kelihatan agak pintar dikit,
"Pemerintah Stop Program Bantuan Petani Rempang, Noor Aziiz: Kejam Teramat Kejam https://t.co/Oi8J46AzVg https://t.co/8FAtdoWvCK",
@IND0_Update @MataNajwa @Metro_TV @tvOneNews Aku sih sangat mendukung proses investasi di pulau Rempang Bahlil Kawal Investasi  #HIPMIRempang,
"@papa_loren Dia gk sadar dg merebut tanah warga rempang, negara sdh bertindak layaknya preman",
@IND0_Update @MataNajwa @Metro_TV @tvOneNews Yang penting jangan sampai hak masyarakat Rempang tersisihkan Bahlil Kawal Investasi  #HIPMIRempang,
Tragedi 07 September 2023  Sosok Pemuda Rempang Gagah dan Pemberani  Pemuda Rempang Ini Menantang Petugas Keamanan Berani Tidak Menghadapi Masyarakat Kalau Tidak Pakai Senj4ta. https://t.co/AO5qI9zBXl,
"@bianca01403 Penyerobotan Tanah Warga Rempang, Nusron Wahid: Apa Bedanya BP Batam dengan VOC? https://t.co/aocQ4IFHZO",
"@tempodotco Dari nelayan, petani menjadi gelandangan yg pengangguran ... itu mungkin impian rezim ke rakyat Rempang  di investasi Ini.",
"@habibgenit @wawananwar12 @JihaanGita Rempang hoax nya di mana? Terbukti kan pemerintah melunak soal Rempang ? Artinya ada yg salah pola investasi di Rempang, shg dibutuhkan cara baru pendekatan kepd rakyat",
@CNNIndonesia Rakyat minta DPR menyelidiki investasi di Rempang karena belum memiliki AMDAL dan izinnya pun belum ada..,
Bangkit bersama menteri BKPM demi wujudkan rempang eco city Bahlil Kawal Investasi #HIPMIRempang https://t.co/oLke7ieF8p,
Nasional Corruption Watch (NCW) mengungkapkan hasil penyelidikan terkait karut marut relokasi lahan masyarakat Pulau Rempang  yang menguntungkan beberapa pihak pada PSN Rempang Eco-City.  https://t.co/CtQIwjVyLT,
Kami bersama untuk mendorong investasi berkelanjutan! HIPMI memberikan penghargaan kepada Menteri Bahlil yang memantau proyek Rempang Eco Park dengan tekun. https://t.co/kJET8TsRL6 @kumparan  Bahlil Kawal Investasi #HIPMIRempang,
"Gubernur Jawa Tengah @ganjarpranowo banyak mendapatkan usulan terkait infrastruktur khususnya perbaikan jalan saat Musrenbang di wilayah Jekutibanglor (Kabupaten Jepara, Kudus, Pati, Rembang dan Blora), di Pendapa Kabupaten Rembang. #SahabatGanjar #Ganjar #ganjarpranowo https://t.co/yqoucLlWfx",
#HIPMIRempang investasi di Rempang Eco-City menarik minat besar negara ASEAN karena dampak positif dari investasi ini adalah mampu menyerap 30rb tenaga kerja secara langsung. Bahlil Kawal Investasi @hnurwahid @dedimul,
"Tdk sadar atau pura2 tdk sadar pak, apakha pak @jokowi lupa dgn pulau rempang dan kereta cepat, Ekonomi makin buruk ulah siapa pak https://t.co/hurEW4nXSF",
Permasalahan Rempang dijadikan panglima Pajaji sebagai panggung sensasi https://t.co/4jQ0az8Lwy,
"@SSukasim @never_alonely @ismailfahmi @tvOneNews @tempodotco @geloraco @hc_poirot @voiceofpkb @PartaiSocmed @CNNIndonesia @SiaranBolaLive Jangan percaya, Rempang masih dlm ancaman. Rakyat wajib waspada, PKI itu licik. Jangan lengah kita,,,,",
Kita bersama-sama mendorong investasi yang berkelanjutan! HIPMI memberikan penghargaan kepada Menteri Bahlil yang dengan penuh tekun mengawasi proyek Rempang Eco Park.https://t.co/eeNytsXlJb @aniesbaswedan  Bahlil Kawal Investasi #HIPMIRempang,
Dengan Rempang Eco City menjadikan kampung dengan nilai kesejahteraan yang tinggi Bahlil Kawal Investasi  #HIPMIRempang  https://t.co/OlUHaKlNcH,
"Bahlil Tolak Bebaskan Warga Rempang: Sudah Kami Bantu 8 Orang, tapi yang Anarkis Tetap Diproses.  RAKYAT BERPERILAKU PREMAN DIKARENAKAN KEBIJAKAN YANG DIBUAT BAGAI KEKUASAAN PREMAN TERHADAP PEMILIK KEDAULATAN NEGARA YAITU RAKYAT"" @myputun https://t.co/zhHi3TrnWo""",
"@OposisiCerdas Kalau tidak ada TITIPAN, kenapa rezim Jokowi  paksakan eco city Rempang serta gembar-gemborkan Xinyi glass ?, naif jika ini tidak ada hubungan dengan proyek PLTS oligarki !",
Masih ragu kah kawan-kawan membela masyarakat Rempang dan Galang yang hak nya terampas oleh kepentingan oligarki peruntuh nilai bangsa.  #TheWorldWithRempang,
Semoga terealisasi pak untuk program investasi dan pembangunan Eco Park di Rempang! Semangat terus pak sampe tuntas biar ekonomi di sana makin membaik dan stabil  #HIPMIRempang https://t.co/vw5K6NORp1,
"Produk Garam Rembang Turun Kualitas, Diduga Terdampak Debu Perbaikan Jalan https://t.co/AcstKoPnDm via @KartiniTv",
Komitmen Pak Menteri Bahlil Kawal Investasi di Kawasan Rempang mendapat dukungan dari HIPMI (Himpunan Pengusaha Muda Indonesia) menilai pengembangan Rempang EcoCity dapat memberikan banyak manfaat bagi ekonomi baru indonesia. #HIPMIRempang @bahlillahadalia @luhut,
"*Realisasi Proyek Rempang Eco-City Diragukan NCW, Xinyi Ternyata Pernah Gagal di Gresik dan Babel*  https://t.co/v1dDacgwoP",
"Bahlil Diminta Bebaskan Pendemo di Rempang yang Ditahan, Responsnya Begini https://t.co/GFjZXFhX6I",
Faktanya Masyarakat Rempang-Galang tetap menolak adanya Relokasi ataupun Pergeseran ..... https://t.co/KK1gNQyFUT,
Setuju sekali dengan pak Bahlil yang melakukan pendekatan humanis dalam proyek Rempang kali ini. Memang penerintahpun harus memanusiakan masyarakat Bahlil Kawal Investasi #HIPMIRempang https://t.co/lk9r0ek5sd,
Tim Bantuan Hukum Ajukan Penangguhan Penahanan 30 Warga Terkait Konflik Rempang https://t.co/VPGSW3qrhv,
Nilai kesejahteraan masyarakat rempang akan meningkat jika dukung investasi rempang eco-city  @bahlillahadalia @detikcom  Bahlil Kawal Investasi  #HIPMIRempang https://t.co/uvaMOzoxLS,
Warga Rempang memang berhak untuk mendapatkan hak mereka. Maka dengan itu pak Bahlil memberikan hal mereka dengan semestinya   Bahlil Kawal Investasi #HIPMIRempang https://t.co/rhjJwPiQlP,
@hc_poirot Dimarahin  karena  apa nie? Karena  gak sukses  mengusir  warga rempang Kah ?,
"Kekhawatiran yang menyelimuti penduduk Pulau Rempang belum padam.   Sebab, Badan Pengusahaan (BP) Batam tetap melanjutkan rencana relokasi penduduk yang terkena dampak pembangunan Rempang Eco-City.  #KoranTempo  https://t.co/DUF5lIpbpc",
Regulasi yang Mengatur Rempang – Galang  ‘Relang yang Bergabung ke Batam’ https://t.co/zaXqpASLz5 lewat @GoWest.ID,
@papa_loren Justru anda yg memperlihatkan bahwa  pemerintah  saat ini adalah yg bersikap preman sm masyarakat Rempang  dgn mau mengusir mereka dgn cara paksa ....,
"@tvOneNews Bawa ke pengadilan internasional, biar orang terkait dapet blacklist dari beberapa negara.. *selama ada bukti kuat perlakuan mereka, dan sejarah Rempang yang sudah ada dari jaman Hindia Belanda.""",
@tempodotco Sampai kiamat #Rempang tidak akan pernah dijual kepada siapapun dan negara manapun @bpbatam @bkpm @erickthohir @bahlillahadalia @jokowi,
"kl baca berita sengketa rempang, morowali, amman mineral ntb, freeport itu kayak sedang dalam masa penjajahan. domain verklaring di depan mata..",
@tvOneNews Bodoamat... warga Rempang kan mayoritas pendukung jokowi...ya selamat meni'mati 😘😘😘,
@IND0_Update @MataNajwa @Metro_TV @tvOneNews HIPMI memperlihatkan komitmen nyata terhadap investasi dan pembangunan ekonomi dengan mendukung proyek Rempang Eco Park dan menghargai kerja keras Menteri Bahlil.  Bahlil Kawal Investasi #HIPMIRempang,
@IND0_Update @MataNajwa @Metro_TV @tvOneNews Proyek Rempang Eco Park adalah contoh bagaimana investasi dapat menjadi alat untuk melestarikan alam sambil menciptakan lapangan kerja dan pertumbuhan ekonomi. Bahlil Kawal Investasi #HIPMIRempang,
Yuk intip lagi tempat yg di sediakan oleh BP Batam utk relokasi warga #Rempang  Seperti kamar kos atau penjara gaesss menurut Kelen ... https://t.co/FHkq3YfUow,
"Jangan lupa  tanah warga melayu Rempang,itu milik mereka sejak abad 18. Lebih Baik Mati Berdiri Daripada Hidup Berlutut. Takkan Hilang Warga Melayu Di Bumi Indonesia. Esa Hilang Dua Terbilang. “Diam kita ditindas, kita harus bergerak utk menyelamatkan Bangsa Negara Indonesia ini” https://t.co/blF9hskRCb",
"@IND0_Update @MataNajwa @Metro_TV @tvOneNews Proaktifitas Menteri Investasi Bahlil Lahadalia sangat menginspirasi. Ia tidak hanya memantau investasi Rempang, tetapi juga membawa semangat baru dalam menciptakan solusi yang adil dan berkelanjutan bagi semua pihak yang terlibat. #HIPMIRempang Bahlil Kawal Investasi",
"HIPMI mendukung penuh pembangunan proyek Rempang Eco City, karena terdapat banyak manfaat yang akan dirasakan oleh Indonesia, khususnya warga di Pulau Rempang.  Bahlil Kawal Investasi #HIPMIRempang  @jpnncom  https://t.co/iFWRUtKFxQ",
@CSzipel_ Bahlil Kawal Investasi dan akan memastikan masyarakat Rempang mendapatkan hak dan kesejahteraan akan meningkat  #HIPMIRempang,
"Dalam mengawal investasi Rempang, pak Bahlil membuktikan bahwa proaktifitas adalah kunci kesuksesan. Dgn komunikasi yg baik dan cerdas, ia menciptakan kondisi yg mendukung pertumbuhan ekonomi &amp  kesejahteraan masyarakat. #HIPMIRempang Bahlil Kawal Investasi https://t.co/mCk8q8jN8q",
hipmi apresiasi pro aktif Bahlil Kawal Investasi nih guys bakal deketi warga Rempang secara humanis #HIPMIRempang  https://t.co/ivfR7hApfz https://t.co/KIxb1nfdNN,
"16 Warga Rempang Sudah Menempati Hunian Sementara BP Batam kembali memfasilitasi pemindahan terhadap enam Kepala Keluarga (KK) Asal Desa Pasir Panjang, Kelurahan Rempang Cate, ke hunian sementara. Selasa (3/10/2023) #bpbatam #batam #rempang #rempanggalang https://t.co/rKZsoaRJcX",
"Siapa yg menerima setoran UWT sebanyak itu? Rakyat Rempang yg dikorbankan sementara ada yg berpesta pora menerima uang sewa.  Menyewakan tanah orang lain lagi, smg perutnya pecah krn makan uang yg bukan haknya.",
"Bukan jadi Tauladan, Menteri Bahlil Malah Sewa Preman Bubarkan Aksi HMI Bela Rempang https://t.co/xS322xCcFo",
#HIPMIRempang mengapresiasi kinerja Bahlil Kawal Investasi di pulau Rempang sangat proaktif mengingat pengembangan rempang terus  mengalami progres yang meningkat. @bahlillahadalia   @jokowi,
HIPMI apresiasi pendekatan pak bahlil yang pro aktif terhadap warga rempang @bahlillahadalia @kompascom  Bahlil Kawal Investasi  #HIPMIRempang https://t.co/noUJDOLVFV,
@MichelAdam7__ Bahlil ini asal ngomong...baxak ngibulx seperti keterangan dia ttg Rempang....n apa kau TDK berbusa bisa berbicara kayak jual obat,
Hipmi dan Menteri Investasi Bahlil Lahadalia: Memperkuat kerjasama untuk investasi Rempang Eco City.  Bahlil Kawal Investasi #HIPMIRempang https://t.co/CCaFoEA3gY,
Menteri Bahlil mendapat apresiasi karena secara langsung turun ke pulau Rempang untuk melakukan pendekatan dgn warga  https://t.co/4nzYEoBrVb  Bahlil Kawal Investasi #HIPMIRempang https://t.co/z4A0LOQgER,
Sebagian besar warga di Pulau Rempang masih menolak rencana relokasi terkait proyek Rempang Eco City. Pemerintah diminta lebih dulu menjamin kepastian kompensasi dan rumah pengganti bagi warga. #Nusantara #AdadiKompas  https://t.co/whZpgtNfLC,
"Menko Perekonomian Airlangga Hartarto, mengunjungi warga dan terbuka menerima aspirasi - aspirasi yang disampaikan masyarakat di wilayah pulau rempang.  #airlanggahartarto #golkarindonesia #pulaurempang #polemikrempang #Rempang #batam #EKONOMİ #indonesiamaju #Jokowi #prabowo https://t.co/hiNv2Hr5r6",
@lukmanrzkr @ray_kairi @PartaiSocmed @lambebuzzer Persikabo kah yg pernah di sponsori sb*t*p? Ada nama T*my Win*t* disitu kayaknya pernah dibahas disini juga ada hubungannya sama rempang,
Panglima Pajaji abal-abal wkwkw. GELAR PANGLIMA itu buat mereka yang memikirkan rakyatnya !!! bukan cari panggung wkwk. WASPADA !!! Panglima Pajaji cuma cari panggung lewat rempang #rempang #carimuka https://t.co/dO7PHBJ86i,
HIPMI Mendorong Pembangunan Rempang Eco Park Himpunan Pengusaha Muda Indonesia (HIPMI) dengan penuh semangat mendukung investasi dalam proyek Rempang Eco Park. Bahlil Kawal Investasi #HIPMIRempang https://t.co/uFPgNiOwBJ,
"Perlahan-lahan masyarakat rempang melihat adanya harapan yang baru dengan apa yg di lakukan Pak Bahlil ini,tentu hal lain karena kesejahteraan masyarakat yg paling utama. Bahlil Kawal Investasi #HIPMIRempang https://t.co/J6UHmI6yDw",
"FAKTA REMPANG.. Sampai detik ini warga Rempang yg terdiri 16kampung Tua berpenduduk 17,600jiwa masih MENOLAK adanya relokasi yg dijanjikan bahlil, BP Batam sendiri kabarnya tidak punya HPL apapun itu PSN yg dikerjakan dgn tdk transparan rakyatlah korbannya !! https://t.co/c3pxgM3DuO",
Kami bersama-sama memajukan investasi berkelanjutan! HIPMI memberikan apresiasi kepada Menteri Bahlil yang memantau proyek Rempang Eco Park dengan penuh komitmen. @PKSejahtera  Bahlil Kawal Investasi #HIPMIRempang,
Labuan Bajo sudah merasakan tipu-tipu Investasi cukong Properti. Jangan sampai Rempang mengalami hal yang sama. Bersama kita jaga Rempang. https://t.co/0kMxRel5QC,
"Melanjutkan arahan dari Presiden Joko Widodo, Menko Perekonomian yang juga Ketum Partai Golkar Airlangga Hartarto menegaskan kepada masyarakat Pulau Rempang bahwa pemerintah akan memenuhi hak-hak masyarakat. https://t.co/ZBkmtgEsYI",
"@floreskekinian2 Sip, Bareng pak Bahlil Kawal Investasi Rempang Eco City. Ekonomi berkembang, rakyat pun senang.  #HIPMIRempang",
@tvOneNews Tapi satu yg bahlil semangat: membebaskan lahan rempang walau ditolak warga,
"Dengan investasi rempang, kesejahteraan masyarakat rempang akan meningkat.  Bahlil Kawal Investasi  #HIPMIRempang  https://t.co/HqsKkNxQsJ",
"Bahlil digruduk emak2 rempang, emak2nya sampe nangis dianya hanya senyam-senyum saja, makin mirip VOC ya?🤨 https://t.co/Gnyq7QSidG",
"Dukung penuh Pak Menteri Bahlil Kawal Investasi, pengembangan Kawasan Rempang Eco-City menjadi kawasan ekonomi baru dan dapat menyerap tenaga kerja bahkan ribuan tenaga kerja. #HIPMIRempang @ganjarpranowo @prabowo @anies",
"Menteri yang pandai berkomunikasi secara humanis ya pak Bahlil, menteri yang proaktif untuk pengembangan Rempang Eco-City ya Pak Bahlil Kawal Investasi. #HIPMIRempang @bahlillahadalia https://t.co/SDB8E91WyU",
"Mulai Bertaring, Bahlil Tolak Bebaskan Warga Rempang: Kalau Dibiarkan, Negara Kita Jadi Negara Preman https://t.co/XYDt0Zftki",
"Menteri ATR/BPN menjelaskan di DPR bahwa penduduk Pulau Rempang, Batam, yang akan direlokasi tidak punya sertifikat tanah. Betulkah negara memiliki tanah ? Siapa pemilik tanah di negara Indonesia? #ArtikelOpini #AdadiKompas   https://t.co/GsxgoP3li7",
Kita apresiasi langkah menteri @bahlillahadalia yg turun tangan untuk melakukan pendekatan secara humanis ke warga rempang.  @kompascom  @okezonenews  Bahlil Kawal Investasi  #HIPMIRempang https://t.co/Bq9D9FUwxu,
"prestasi Pak Bahlil Kawal Investasi tuh keren bgt, tidak hanya pandai melihat peluang beliau juga pandai melakukan pendekatan yang humanis dan persuasif kpd warga Rempang. #HIPMIRempang @FiersaBesari https://t.co/TYlpElVJ6L",
- Rempang = bukan relokasi tapi hanya pergeseran… - Banjir = air tergenang… Kira2 bahasanya sama nggak yaa ???,
"@tvOneNews Kalau warga rempang punya SHM pasti menang, klo punyanya HGU / HGB ya harus pindah",
"@susipudjiastuti lg pada sibuk projek IKN, Rempang. lebih bikin ""kenyang"";0;0;0;0;in;1508832553704505350;1709187956446277986;BobyGosal;https://twitter.com/BobyGosal/status/1709331698985697612
Tue Oct 03 22:15:53 +0000 2023;1709331463299330518;@abu_waras @SemutMerah2024 Ditunjuk rempang jg pasti ngeles. Manusia itu kl gak ngibul ya ngeles. Dr mulai ijazah, esemka, stop impor, ekonomi meroket, anak gak berpolitik, stop tka, kcic non apbn, ikn non apbn...  Mbelgedhes, nggedabrus""",
Kami bangga mendukung investasi berkelanjutan! HIPMI mengucapkan terima kasih kepada Menteri Bahlil yang dengan tekun mengawal proyek Rempang Eco Park.  @kumparan  Bahlil Kawal Investasi #HIPMIRempang https://t.co/2wokmNJ0WM,
"Kamu cantik sih tapi susah banget untuk di milikin, kayak pulau rempang harus negoisasi dulu.",
"HENTIKAN RELOKASI DAN LINDUNGI HAK TINGGAL MASYARAKAT PULAU REMPANG, KEPULAUAN RIAU - Tandatangani Petisi! https://t.co/utdDE5a2Xk lewat @ChangeOrg_ID",
@RidhoRahmadi85 Pilih Anies.  Sayang Mbah dan sodara dikampung.. Wadas ok Rempang proses.. ngeri kampung ku kena selanjutnya. Waspodo boleh kan,
@korantempo Skip gak penting. Ikn Beda ama rempang yg sejak awal masyarakat lokal gak setuju.😅,
Lil bahlil... lu yg pake preman dan cara preman nyingkirin warga rempang..  menterinya jokowi emg tolol² begini ya..,
"@Malika6027 Rempang adalah potret Indonesia Raya, Semangat Juang Tinggi akan menyelamatkan Indonesia kita",
"Tumbuhkan investasi, wujudkan perubahan! HIPMI mengucapkan terima kasih kepada Menteri Bahlil yang dengan tekun mengawal proyek Rempang Eco Park. @liputan6dotcom  Bahlil Kawal Investasi #HIPMIRempang https://t.co/MzeMxu8rOh",
"@FOODFESS2 Buka di kudus juga dong. Demak, pati, rembang ada point coffee masa kudus kelewatan @pointcoffeeid",
"Progres Pengembangan Rempang Eco-City, 16 Warga Sudah Tempati Hunian Sementara https://t.co/Z5FgYOFLur lewat @GoWest.ID",
@kumparan Akibat Rempang GK rampung 2 sementara ada yg tagih GK sesuai harapan rasain lu Hut 😆,
"Gua berharap jika sudah dibentuk tim ini, Investasi Rempang bisa berjalan dengan baik #BahlilGercep https://t.co/Xp2KEY9m5P",
"@PresidenKopi Dari cara memaksa warga Rempang harus kosongkan. Dan dengan cara paksa saja kita bisa curiga,.kenapa begitu ngotot dan ambisi buat warga Rempang menderita,.tidak mungkin jika tidak ada CUAN sebagai komisi pembebasan Tanah,.tanah perkotaan saja mau dibangun mall banyak makelarnya",
"@tvOneNews #BangsatBangsa Rezim jkw sangat arogan pd rakyatnya, klu pemenang presiden 2024 dr PDIP lg, tanah kita hanya menunggu giliran utk diambil paksa... Padahal pilpres 2019 @jokowi menang di Rempang",
Amien Rais Kembali Kunjungi Rempang - Riaunews https://t.co/nmZ83ZxUpB  Kedatangan yang kedua ini sekaligus memenuhi janji untuk kembali lagi dan memastikan terus mendampingi warga setempat yang terdampak langsung proyek strategis nasional (psn) Rempang Eco City.,
"@floreskekinian2 Bukan sekedar janji belaka, Bahlil Kawal Investasi sampai warga Rempang mendapatkan hak nya #HIPMIRempang",
"@CSzipel_ Alhamdulillah warga Rempang juga bisa terpenuhi hak-hak nya, semoga projek pak Bahlil Kawal Investasi bisa lancar terus #HIPMIRempang",
Buku Librari Ori - Dahulukan Akhlak Di Atas Fiqih (Republish 2023) https://t.co/eO0kIsCslL Dajjal Batik Air WR 1 Kapolsek Rempang #AniesMuhaimin2024 Jenglot Miring Kamis Fajar #HongKongOpen2023 https://t.co/1qgjIxqPiy https://t.co/PpNx2GZSLr,
Kondisi Pulau Rempang Terkini: Perempuan Terus Suarakan Penolakan Penggusuran - Nasional https://t.co/dm2YKUoM9U https://t.co/FGIrUeWtX9,
"@wahabi92013848 @BangPino__ oh yg ke sandi ya, aman tuh dah lunas sesuai perjanjian. si den bokep malah kudu nerusin rencana jkw jual2in pulau buat lunasi hutang, ada 1700 kasus argria contoh rempang dll, udh jualm pulau korupsi pula, makanya gak pernah den bokep dpt penghargaan BPK",
@IND0_Update @MataNajwa @Metro_TV @tvOneNews Saya senantiasa mendukung pak Bahlil Kawal Investasi Rempang Eco City yang sempat tertunda  #HIPMIRempang,
"@tvOneNews Hai rakyat kalian tau tidak mksudnya itu apa? Itu artinya nyawa nya sudah di ujung tanduk klw gagal makanya kalau di biarkan negara kita jadih negara preman kata nya bukan kah ini negara banyak preman dari dl, 🤣😆 pokonya itu Rempang harus ttp jalan, klw GK paham jg mati aja",
@RagilSemar Beginilah akibatnya klo PREMAN diberi jabatan .. warga rempang dituduhnya PREMAN!!!,
"TVR 120 - Komisi II DPR RI : BP Batam Belum Kantongi HPL Pulau Rempang  Komisi II DPR RI  menyoroti Bp Batam, yang belum mengantongi sertifikat Hak Pengelolaan Lahan Pulau Rempang, terkait proyek pengembangan rempang Eco City.  #tvrparlemen #dprri #tvr120 https://t.co/irvTCKasno",
Yesh Pak Bahlil Kawal Investasi siap bersinergi dengan #HIPMIRempang untuk pengembangan Rempang Eco-City siap melakukan pelatihan keterampilan warga yang terdampak. @PartaiSocmed @pks https://t.co/DQ259yJhWN,
Jika Benar Sungguh Terlalu Terhadap Rakyat Sendiri Pakai Foreman Apalagi Ancaman Piting Sang Panglima ?   HMI Kecam Menteri Bahlil Pakai Preman Bubarkan Aksi Bela Rempang https://t.co/JmKSEFJhKO,
"Anggota Dewan Pertimbangan Presiden (Wantimpres), Djan Faridz menilai langkah Presiden Joko Widodo (Jokowi) menunda relokasi warga Pulau Rempang, Bata... https://t.co/atBlYnToAY",
"@PartaiSocmed Sebenarnya tidak hanya di Gunungkidul. Daerah lain seperti Rembang, Blora juga memakan belalang, bahkan ungker (ulat kayu jati), hanya saja tidak seterkenal belalang di Gunungkidul yang notabene tempat wisata.   Harganya mahal kemungkinan karena proses berburunya tidak mudah",
Pak bahlil akan pastikan untuk memberikan hak-hak warga rempang yang terdampak dalam pembangunan rempang Eco-city.  @bahlillahadalia @jokowi @detikcom   Bahlil Kawal Investasi #HIPMIRempang https://t.co/zCPO7PXD0S,
@tvOneNews Langsung turun ke batam aja kalau niat membela.  Karna warga rempang yg ditindas sama penjajah tu di rempang bukan dijakarta.,
@bangpoerslalu @geloraco Masyarakat Rempang pun yg protes disebut kadrun...cuma pe ka i yg suka nyebut kadrun,
@geloraco Warga rempang yg ditahan itu bereaksi krn membela hak2nya yg mau dirampas. Tidak bisa disamakan dgn preman atau krininal lainnya. Jika pemikiran pak bahlil yg dipakai maka akan semakin banyak demonstran yg akan dipenjarakan,
@Humairah_922 Suruh si anjeng wali ini jadi warga rempang dulu sebelum mangap moncongnya,
"@rmol_id Luka batin rakyat rempang sulit sembuh, apa lagi rakyat rempang yg di tahan di anggap sbg preman",
"@tvOneNews Biarkan Rempang Galang demikian adanya, tidak usah dirusak atas nama investasi!!!",
Dukung Investasi Rempang Eco Park! Hipmi Apresiasi Menteri Bahlil atas Konsistensi dalam Kawal Investasi. Bahlil Kawal Investasi  #HIPMIRempang https://t.co/zOWFBqaiJZ,
Menyokong investasi berkelanjutan adalah komitmen kami! HIPMI mengapresiasi Menteri Bahlil yang terus mengawal proyek Rempang Eco Park.  @kompascom  Bahlil Kawal Investasi #HIPMIRempang https://t.co/trGNenkA7N,
"@HusinShihab Kereta cepat, ikn, rempang contoh yg katanya psn tapi banyak masalah dl pelaksanaannya, Anies pasti tahu itu",
@IND0_Update @MataNajwa @Metro_TV @tvOneNews Setuju sekali proyek Rempang memang harus dikawal untuk kesejahteraan masyarakat  Bahlil Kawal Investasi #HIPMIRempang,
"Di Rempang Eco City, Hipmi dan Menteri Bahlil Lahadalia melukiskan cerita keberhasilan. Mereka bukan hanya membuka peluang kerja, tetapi juga membuka jalan bagi mimpi-mimpi masyarakat lokal. 💫🚀 Bahlil Kawal Investasi #HIPMIRempang https://t.co/iw96Dps7bd",
HIPMI Rempang ikut dukung Bahlil Kawal Investasi di proyek Rempang. Karena proyek tersebut dianggap akan berhasil dan menguntungkan baik pemerintah maupun warga Rempang sendiri.   #HIPMIRempang https://t.co/PvlmwHZAtC,
"Indonesia butuh investasi #rempang Batam agar bisa terealisasi, investasi Rempang memberikan kesejahteraan ekonomi bagi masyarakat Rempang khususnya dan ekonomi Indonesia secara umum. https://t.co/qDBQ28ydG5",
"@yaniarsim Gitu deh masih cari nyaman bantuin investor dan penguasa ngurusin Rempang , kalo Papua ngopi dulu..",
Menteri Bahlil Kawal Investasi rempang dengan berkolaborasi dengan pemerintah semoga berjalan lancar #HIPMIRempang https://t.co/ffUSSt1OMI,
"DIBONGKAR!!! TERNYATA XINYI HOBI OMDO DAN BANGUN INVESTASI BODONG""  Ketua NCW Hanifa Sutrisna bilang Xinyi hobi Omdo n bangun investasi tipu² sjk di Gresik n Babel. Di Rempang juga sama. ""Ini persekongkolan jahat  ‘investasi bodong’.""  https://t.co/lIRuE2I2u3""",
@Ronnie_Rusli Bahlil Sebut Ada Negara Lain yang Tak Suka jika Rempang Eco City Jalan - Video https://t.co/kG2zNr1xXt,
"@Miduk17 Memilih Ganjar , berarti melanjutkan pergusuran tanah Rempang ,dan di daerah2 yg akan di lelang ke Taipan.",
"Anies justru mengaca dari kasus P. Rempang yg menyakitkan hati rakyat Indonesia dan tahu siapa dibalik ngototnya Menteri L dan B menggusur rakyat Rempang dan tentunya atas perintah"" (bukan titipan lagi) taipan yang dikenal banyak punya hak2 atas  tanah di Banten,  Lampung, Riau""",
"Optimalkan investasi, bangun masa depan! HIPMI memberikan apresiasi kepada Menteri Bahlil yang gigih mengawal proyek Rempang Eco Park. https://t.co/svgW2Zv59F @ganjarpranowo  Bahlil Kawal Investasi #HIPMIRempang",
"Bahlil Bantah Main Uang di Proyek Rempang Eco City: Kalau Ada, Saya Berhenti jadi Menteri! https://t.co/lkI0ZsrdTQ",
"@IND0_Update @MataNajwa @Metro_TV @tvOneNews Wah semangat pak, banyak yang dukung bapak untuk Investasi dan Realisasi Proyek Rempang Eco Park #HIPMIRempang",
Solusi dan kesepakatan yang diambil dari pihak pendukung proyek dan pihak media dari konflik rembang Ada yang bisa ngerjain soal diatas?  #zonauangᅠ #jokitugaskuliah #jokitugas,
@AlnilamOmar Bisa dipastikan Ini Menteri cari maslah Sama Orang Melayu...Terutama Melayu kepri Rempang khususnya,
"@papa_loren Nanya om, ini Rempang  atau Xinjiang? Miripkah polanya? Putus akses, tangkap, kuasai?",
@floreskekinian2 Bener banget itu kalau pak  Bahlil Kawal Investasi #HIPMIRempang sehingga para warga rempang akan mendapat hal yang semestinya,
4 Oktober 2023 masyarakat sembulang pulau #Rempang menyatakan sikap tetap akan menolak relokasi https://t.co/I0zkXKfC1G,
"Buka mata buka hati pak @jokowi ? .. gunakan kekuasaan utk kesejahteraan rakyat..  Pak @bahlillahadalia jgn lah berpura-pura benar, bagaimana kalau Anda jd rakyat pulau Rempang.. ingat Semua yg Anda lakukan akan ada balasannya.. https://t.co/WEz8RqHI6A",
Buku Librari Ori - Mati Sebelum Mati Buka Kesadaran Hakiki https://t.co/Z9NL5KJalm WR 1 Dajjal Batik Air Rempang Kapolsek #AniesMuhaimin2024 Jenglot Miring #HongKongOpen2023 https://t.co/1JFRq6cS3c https://t.co/iqWvErZI88,
"TERIMAKASIH pmrth "" "" kmi wrga rempang sukarela uttk dipindahkan, jd tolong jng ad provokasi lagi. "" https://t.co/aFmKEc0kPO""",
"Investasi Rempang Eco Park terus kita dukung bersama, karena Menteri Bahlil Kawal Investasi dengan penuh dedikasi Bahlil Kawal Investasi  #HIPMIRempang https://t.co/MbeS3Jx4HP",
@Ganjar_Andika08 @Ganjar_Andika_8 Semua PARTAI juga dapat HIBAH dari DKI! Semua ormas juga dapat diatur oleh UU! Rempang emang kalian saja RADIKAL! Udah baca kalo perusahaan CHINA juga ga becus bikin pabrik di Gresik dan Belitung?,
"@ecosocrights PT.XINYI bukan perusahaan 10 besar dunia itu bohong, investasi di Gresik tidak jalan lalu kita mau menerima Investasi Bodong di Rempang....hanya orang bodoh yg mau menerima",
Komitmen kuat untuk investasi berkelanjutan! HIPMI memberikan penghargaan kepada Menteri Bahlil yang tekun mengawal proyek Rempang Eco Park. @kompascom  Bahlil Kawal Investasi #HIPMIRempang https://t.co/JCMDGYX7iG,
dengan usaha pak Bahlil Kawal Investasi di tanah Rempang semoga masyarakat bisa menerima dan masyarakat juga sejahtera #HIPMIRempang https://t.co/WWCZUVqY6X,
@geloraco Bahlil alias bahlul lebih baik henti kan aja ambisi jelek nya bahlil dan jkw.ngotot mau bikin proyek di pulau Rempang kalian enak dapat uang P nya Rakyat Rempang yg menanggung penderitaan nya seumur hidup,
DPR dukung upaya menteri investasi negara. Bahlil Kawal Investasi memberikan hak warga yang terdampak proyek rempang eco city #HIPMIREMPANG  https://t.co/dzi3m1dYZ4,
"@JHPrabowo Yang udah jelas jadi hunian rakyat Rempang aja dengan mudahnya menerjunkan personil keamanan buat usir rakyat.  Iya, sejarah kejahatan selalu berulang. Kali ini dikomandani si plonga-plongo melalui anak buahnya.",
"@OposisiCerdas @NanaMirzaty Reklamasi Pantai Nelayan Di Jakarta,IKN yang telah dimsuki banyak warga Tiongkok,semua PSN memfasilitsi pekerja yang jd migran,tak lama lagi REMPANG yang akan jadi migrasi rakyat Tiongkok. IKN ditawarkan kepada Rakyat Singapura. Tentu rakyat kita akan mulai terkepung lalu PUNAH",
"HIPMI pastikan dengan mendukung investasi rempang, ekonomi masyarakat akan tumbuh.  @bahlillahadalia @jokowi  Bahlil Kawal Investasi  #HIPMIRempang  https://t.co/NElUGaSidA",
@tvOneNews Ga ngaca si bahlul..proyek di Rempang aja asal maen serobot ga ada AMDAL nya...gaya preman dipake dongo.,
"Tak Serius di Gresik dan Babel, Masih Percaya Xinyi Investasi Rp 175 Triliun di Rempang? https://t.co/wrrOst0CYf",
Sweety Silver Pants Soft Cloud Cushion XXL 3 x 22's https://t.co/kc5087dXMl Adulting Bromo punya adik #AhnHyoSeop Alba Baptista Mundur Mahal Rempang Lebay #ATimeCalledYou Maroko https://t.co/awWsCq05ku https://t.co/aiSycn9RDB,
Program Menteri Bahlil Kawal Investasi proyek Rempang Eco City bisa mendorong pembangunan infrastruktur disana jadi makin efektif. #HIPMIRempang  https://t.co/3aLFmTWcJW,
"@dundee_laziale @mas_untungJa @BangPakat Nahh ini gak lama proyek IKN akan melakukan hal sama dengan di rempang,  orang2 penduduk asli d gusur dgn alasan investasi....",
semoga pak bahlil amanah dalam menjalankan tugas nya dan bisa mensejahterakan warga rempang Bahlil Kawal Investasi #HIPMIRempang https://t.co/mpTquKKVNb,
Kami solid dalam mendukung investasi berkelanjutan! HIPMI memberikan apresiasi kepada Menteri Bahlil yang dengan tekun mengawal proyek Rempang Eco Park. @detikcom  Bahlil Kawal Investasi #HIPMIRempang https://t.co/L7hZlwOsrR,
"YG  JUAL /MERAMPAS  TANAH RAKYAT REMPANG .SI GENJER  E.KTP , WADAS ,PEMBANGUNAN  STADION ,DLL. HASAN MASIKU ,DEP. KEUANGAN +_400 T  PIY3  KABARE ? LALU  SUAMI  BU P.UAN ,KAK ISANG , GIB RUN , ( 700 T ? YA  .KOK  GAK DI ANGKEP👈🏼TAPI 👉🏽DI UNGKEP 🎩( DI TUTUPIN )SEP. SINETRON ! 🧤🙃",
"@TeddGus Cukup jadi manusia yg beradab saja utk mengetahui kebenaran. Lihatlah derita rakyat Rempang Galang, Wadas, Labuhan bajo. Banyak tanah rakyat yg tergerus akibat ulah oligarki Aseng.",
@kompascom XINYI INVESTASI BODONG DI REMPANG PENELITI NCW. MUFAKAT JAHAT GRUOP XINYI. TERBUKTI DI BANGKA. DI JATIM   CASFLOW NYA $31 dan Aset juga dikit. Saham Xinyi jua jatuh di Bursa Hongkong,
Investasi Bodong ...???🤔 Jadi bagaimana nasib masyarakat Rempang ... #kepri #batam #melayu #SaveRempang  Persekongkolan Jahat ‘Investasi Bodong’ Xinyi Grup Asal China Diungkap NCW: Adanya Dugaan Korupsi dan Pengaturan Nilai Investasi https://t.co/21fEJQHKpA,
"KENAPA  YA  BPK PLECIDEN  KITA  SANGAT  MEMIHAK  CINO   DAN  MEMUSUHI  DAN  MENINDAAAAS ( DARI  WADAS  SAMPSI  REMBANG , DARI  MINYAK  GORENG  HILANG  SAMPAI  BERAS TERBANG ) RAKYAT  INDONESIA .? 🤔  MEMANG PRESUDEN  SEKARANG  TURUNAN  CINO  YO ? 😑",
"Sejauh ini, gue belum mendengar statment, perwakilan dari dapil Pulau rempang, kalau ga ada kayaknya ga mungkin.",
"Warga Yang Ditangkap Karena Mempertahankan Tanah Leluhur Rempang Dianggap Sebagai Preman. Sementara  Digedung Kementerian Bahlil Ada Sekelompok Preman Brutal Menyerang Peserta Aksi Bela Rempang, Siapa Yang Mengirim Preman2 Ini ?  Preman Teriak Preman....? https://t.co/zRxRdPszqR",
"Wajib bgt di apresiasi kinerja pak pak Bahlil, semoga Terealisasi ya pak untuk Investasi pembangunan Eco Park di Rempang segera selesai Agar perekonomian disana makin stabil #HIPMIRempang https://t.co/FFKOVfTf6c",
"@RamliRizal Guru Besar UI Prof. Ronnie: Xinyi di Rempang bukan cuma soal pasir kuarsa, tapi soal Strategic location arahan pemerintah China https://t.co/EccTGpForv",
@tvOneNews halah ngapain ditahan segala lawong nga korupsi begal perkosa apalagi serobot lahan orang.. tuh pulau milik warga rempang sendiri hadeeehhhh,
@IND0_Update @MataNajwa @Metro_TV @tvOneNews Maju terus pak kami selalu dukung pak Bahlil Kawal Investasi rempang ini. #HIPMIRempang,
@msaid_didu Tandanya die panik. Krn die yg ttd proyek Rempang .Jk gagal bisa digantung  oligarki 😅☕,
"@tvOneNews Mereka harus dibebaskan tanpa syarat karna  mereka tdk bersalah, siapapn manusia didunia ini  jika ada yg mau mengganggu kehidupan hidup keluarganya se hari2 maka mereka akan marah &amp  melawan utk mempertahankan apa yg mereka miliki, ingat negara harus menghormati HAM warga Rempang",
"LBP, JKW, MULDOKO,BAHLIL HARUS BERTANGGUNG JAWAB TERHADAP KONFLIK PULAU REMPANG.  Persekongkolan Jahat ‘Investasi Bodong’ Xinyi Grup Asal China Diungkap NCW: Adanya Dugaan Korupsi dan Pengaturan Nilai Investasi 👇👇👇👇 https://t.co/tH5Le68Myb",
"Warga Pamotan, Rembang, dihebohkan dengan munculnya semburan api di pipa yang terhubung dengan sumur bor. https://t.co/b8NdPEWMB3",
"@CSzipel_ Semangat untuk Kawal Investasi Rempang Pak Bahlil, kami percaya dengan kemampuan bapak dan membawa sinergis yang sangat baik untuk warga di Rempang  #HIPMIRempang",
@floreskekinian2 bersyukur pak Bahlil Kawal Investasi utk rempang menambah banyak dampak positif yang di rasakan  #HIPMIRempang,
"Bahlil Kawal Investasi  Rempang Eco City dengan cara merangkul warga sekitar melalui pendekatan humanis, untuk mendukung investasi ini #HIPMIRempang siap berkolaborasi dengan pemerintah untuk meningkatkan keterampilan warga Rempang lewat pelatihan https://t.co/kwRYfOU0gm",
Sinergi dan kolaborasi antara Hipmi dan pemerintah diyakini akan membawa dampak positif bagi investasi di Rempang dengan adanya Bahlil Kawal Investasi #HIPMIRempang https://t.co/YVn4Pem0mK,
Keren nih pak bahlil sampe dapet apresiasi dari HIPMI  ketika Bahlil Kawal Investasi di rempang  #HIPMIRempang https://t.co/JOBXyC1K1E,
"Yusuf Tri Aji, luhkan Kab. Rembang tgl. 2/5/23, verifikasi data calon penerima bantuan hibah uang APBD Kab. Rembang tahun 2023 Di POKDAKAN Sumber Barokah DS. Karangsekar Kec. Kaliori. @puslatluhkp @PKBLU_bp3tegal #luhlapor https://t.co/fb2QMcjxR4",
"@tvOneNews Warga Rempang cuma mempertahankan tanahnya sendiri. Yg pake senjata dan kekerasan ya situ. Kok terus nyebut korban"" adalah preman.""",
"Menjalankan komitmennya perihal investasi Rempang Pak Bahlil Kawal Investasi agar bisa berjalan dengan baik dan juga sesuai yang diharapkan, semuanya dilakukan beliau melalui pendekatan serta merangkul warga di wilayah sekitar yang terdampak #HIPMIRempang https://t.co/a9O4kNr5u9",
@democrazymedia Siapa terlibat? Periksa mereka yang getol mau gusur rakyat Rempang. Ayam berkotek tanda bertelor,
@IND0_Update @MataNajwa @Metro_TV @tvOneNews Terima kasih kepada HIPMI atas dukungan dan apresiasinya terhadap upaya Menteri Bahlil dalam mengawal proyek Rempang Eco Park.  Bahlil Kawal Investasi #HIPMIRempang,
"@Bambangmulyonoo Mau dipoles spt apapun ,sebagian rakyat sdh gak mungkin  percaya lagi...wadas ,rempang dn msih bnyk yg lain cm senyap dari liputan media... https://t.co/kroPxyo2oY",
"Ayo Pak Jokowi blusukan ke rempang, pimpin langsung negosiasi dengan warga, jng waktu nyalon aja rajin blusukan ke rakyat,..",
"@CSzipel_ Semangat luar biasa, Bahlil Kawal Investasi demi mensejahterakan warga Rempang #HIPMIRempang",
Bahlil Kawal Investasi di Rempang terus mengalami peningkatan. upaya Bahlil yang terus melakukan pendekatan didukung penuh oleh #HIPMIRempang @ganjarpranowo @prabowo,
"lingkungan (akan berjalan : rempang, menjual pasir kuarsa, dsb).  4. Pemimpin yang berbisnis dengan rakyatnya ( lihat betapa gencarnya promosi ev namun izin pltu² baru masih diberikan, dsb).  Ayolah kita mahasiswa /unej/ mengontrol kebijakan pemimpin, kita dan (cont)",
HIPMI optimis bahwa investasi Rempang Eco City yang dipantau secara ketat oleh Menteri Investasi Bahlil Lahadalia akan menjadi pendorong pertumbuhan ekonomi lokal. Dukungan penuh untuk keberlanjutan proyek ini! #HIPMIRempang Bahlil Kawal Investasi https://t.co/LMW9Gefp64,
"@hc_poirot Gmn mo d bayar, lah proyek balapannya aja merugi setiap d adakan…. Sabar utk yg blom d bayar, banyak proyek infrastruktur yg dbuat tp tdk slesai dlm pembelian tanahnya… Apakabar rempang dll",
Profil Kemiskinan Kabupaten Rembang Tahun 2022  berikut infografis kemiskinan di Kabupaten Rembang periode maret tahun 2022.  https://t.co/qKEHUI7oXH  #Kemiskinan  #ProfilKemiskinanKabupatenRembang  #InfoSeputarRembang @bpsprovjateng https://t.co/l79x8Jzo1B,
BIADAB! Bahlil Tolak Bebaskan Warga Rempang  Rahmat Erwin Abdullah Whoosh Amanda Manopo jodie hamil Gen Z Pernah WO Laos pks tolak revisi uu ikn menuju masa depan #AniesMuhaimin2024 #PemimpinCerdas https://t.co/Xvxc2U8k4I,
"@abu_waras Selagi warga yg ditahan blm dibebaskan artinya Rempang tidak baik-baik saja, AWAS JANGAN LENGAH !",
Komisi VI Minta Penyelesaian Menyeluruh Masalah Investasi Rempang https://t.co/LcSN6I5GG4,
"Ditahan Karena Ikut Demo Rempang, Rudi Minta Penahanan Anaknya Ditangguhkan https://t.co/RRlNGzynQh",
"@joko_maryadi Payah, buta politik... Yg pabrik kaca panel surya di Rempang titipan LBP ma kk ET. Payah luh....",
"Berpihak pada tamu negara. Bukan pd tuan rumah. Sedihnya, mrk tega mengusir ibu kandung mrk yakni rakyat demi sebuah clandestine project di depan pintu Selat Malaka (P Rempang) demi membela perusahaan kaca yg gak jelas kontribusinya jika dibandingkan dgn pengorbanan penddk asli..",
"@KambingBosss @dapitnih @SBYudhoyono Saya kira anda masih kurang paham soal liberasi salah satunya karena itu bisa digunakan untuk meningkatkan arus modal dan apa kamu kira jokowi ga liberasi juga? Tanya nikel di morowali dan pemutihan kawasan hutan oleh para perambah bahkan lebih ngeri, kasus rempang contoh nyata",
HIPMI dan Bahlil siap berkolaborasi untuk meningkatkan keterampilan warga Rempang lewat pelatihan-pelatihan keterampilan yang dapat meningkatkan skill mereka.   Bahlil Kawal Investasi #HIPMIRempang https://t.co/f7CuQiDETO,
"Hipmi mendukung penuh investasi Rempang Eco City yang diperjuangkan oleh Menteri Investasi Bahlil Lahadalia. Bersama-sama, kami siap membantu mewujudkan masa depan cerah bagi masyarakat dan perekonomian Indonesia. Bahlil Kawal Investasi  #HIPMIRempang  https://t.co/5DcPbZbtQ1",
@IND0_Update @MataNajwa @Metro_TV @tvOneNews Kami sangat bangga dengan inisiatif pro-investasi yang diambil oleh Menteri Bahlil dan pihak HIPMI. Proyek Rempang Eco Park adalah bukti nyata bahwa investasi dapat memberikan manfaat jangka panjang bagi lingkungan dan masyarakat. Bahlil Kawal Investasi #HIPMIRempang,
"@tvOneNews Lah bukannya negara kita emang piara preman dari dulu ya? Kayak yang baru2 ini minta lahan parkir. Lagian warga rempang cuma mempertahankan tanah mereka, kok dikata preman. Bahlul lo bahlil",
"@Humairah_922 Wahai warga rempang, nih manusia setuju penggusuran di rempang, kira2 diapain nih..",
"Aku mau mau bertanya nih , serius lho .... Ada yg tau kmn Banser?  Ummat Islam dr kalangan NU di Rembang lg terancam punah mau di gusur dr tanah kelahirannya. BANSER hrp nongol !!! Katanya ribuan anggotanya. Tak satupun yg nongol. BANSER kmn loe ???  Rakyat butuh loe2.",
"@IND0_Update @MataNajwa @Metro_TV @tvOneNews Dgn ketekunan &amp  dedikasi, Menteri Investasi Bahlil Lahadalia terus mengawal investasi Rempang untuk memberikan manfaat maksimal kpd masyarakat dan investor. Kami mengapresiasi proaktifnya dalam menciptakan solusi yg menguntungkan semua pihak. #HIPMIRempang Bahlil Kawal Investasi",
"Putra Mbah Maimoen, KH Najih: Para Pengasuh Ponpes Sarang Rembang Kompak Dukung Anies Baswedan https://t.co/GAwHeHmUdb",
"@QianzyZ @prabowo Yang didapat anda ternyata mendukung jokowi tidak hanya bergabung di kabinet nya, bahkan hingga saat ini pun anda tetap menyokong penuh program program jokowi.  Bukan kita anti jokowi, tp apakah program jokowi itu pro rakyat? Rempang, import massive disaat panen, UU ciptaker, dll",
"@adearmando61 Jalan Ninja PSI masih sebatas Orasi, Jalan Ninja Nusron wahid saat ke batam menyelidiki konflik Agraria di rempang Adalah wujud nyata keberpihakan kepada Rakyat...",
Dengan peningkatan keterampilan maka warga rempang akan memperoleh kesempatan yg lebih besar dalam penyerapan kerja yg tersedia dg keberadaan investasi.  @detikcom  @bahlillahadalia  Bahlil Kawal Investasi  #HIPMIRempang  https://t.co/nS8PzIgkUN,
@Humairah_922 Doain aja itu orang semoga anak keturunan nya lebih parah dari rakyat Rempang,
Buku Librari Ori - Haji Murad https://t.co/7qZDsgk7CV WR 1 Batik Air Kapolsek #AniesMuhaimin2024 Rempang Jenglot Al Kahfi #HongKongOpen2023 Putri KW Kamis Narnia https://t.co/LjjKLWY1xg https://t.co/KeWBaEB33j,
Penipuan pejabat² dan makelar bisnis serta cukong  menipu perusahaan xinyi China dengan mengatakan lahan kosong di Rempang. Inilah bisnis kotor pejabat. https://t.co/EK2w5y7mZb,
@papa_loren @DidikYanto5 Justru yg preman si Bahlil tanpa punya AMDAL dan sertifikat HPL mau merampas tanah warga Rempang seharusnya si Bahlil dan rezim Jokowi dilaporkan ke aparat penegak hukum mau merampok tanah warga,
@VIVAcoid Kalau penggusuran terhadap warga Rempang masuk kategori kolonialisme apa Pak? 🫢🫢🫢,
"Nasional Corruption Watch Temukan '7 Kejanggalan' di Proyek Pulau Rempang, Apa Saja? https://t.co/0gLzP1g7fr",
"@TeddGus Nanti klo di buktikan pada kepanasan, ga usah jauh jauh yg masih hangat berita Rempang , malah balik nuduh, ijazah palsu jg  sebenrnya bener ada pemimpin pakai ijazah palsu, ketahuan langsung di pecat ko🤣🤣🤣, jgn kepanasan deh ..eh cebong  PKI loe semua itu pada ngumpet .",
@reckykal @KakekHalal Ganjar di endors presiden tidak ada efek karena kasus REMPANG dan WADAS 🥱,
"Dengan kebohongan yg bertumpuk spt itu, menteri @bahlillahadalia msh jg mengatakan menolak membebaskan warga Rempang dgn alasan kalau dibiarkan negara kita akan jadi negara preman"". Padahal faktanya, pemerintahlah yg kerjanya lebih buruk dari preman.  https://t.co/haYlMIYHRM""",
#HIPMIRempang siap bersinergi dengan Pak Menteri Bahlil Kawal Investasi pengembangan Rempang EcoCity segera  terealisasi. @jokowi @mah,
"@floreskekinian2 Dari awal Pak Bahlil Kawal Investasi di pulau rempang keren banget sih... Untuk pendekatannya yang humanis, mendengarkan apa yang di inginkan rakyat. Salut banget #HIPMIRempang",
DPR Dukung Upaya Bahlil Berikan Hak Warga Terdampak Proyek Rempang Eco City @bahlillahadalia @jokowi  Bahlil Kawal Investasi  #HIPMIRempang  https://t.co/0FYfP9aIXc,
"@IGKGARNAWA2 @IwanPmana87 @ekowboy2 Anda krg jeli mlihat Rempang, Batam itu lokasinya strategis mknya di incar cina, kedoknya pabrik kaca, tp yg di incar jalur msk dr brg cina. Stlh brhasil mrk akan minta imunitas di daerah itu,free lain2nya. Mending klo cuma brg,lha klo yg msk narkoba,tentara,tka, gak bahaya ta?🙏",
"Lawan pak👍  Ketika Seorang pria rempang menantang petugas keamanan , brani tidak berhadapan dengan masyarakat tanpa senjata.  #BebaskanBangLong #BebaskanBangLong https://t.co/LMdUcDBM8L",
@tvOneNews Lah..  selama ini kan emang isinya anak anak muda...  Anak anak muda penghamba kekuasaan kah??  Bukan anak anak muda yang kritis terhadap kekuasaan. Bukan anak anak muda yg bersuara lantang membela rakyat rempang.,
"Semangat investasi, harapan masa depan! HIPMI mengucapkan terima kasih kepada Menteri Bahlil yang memastikan kelancaran proyek Rempang Eco Park.  https://t.co/bx8NjzTZlX  Bahlil Kawal Investasi #HIPMIRempang",
@tvOneNews Sabar dulu yaa...? ntar knggk lama lagi Preman/prampok brdasi nyusul warga pndemo/protes Rempang ke Jeruji Besi. Aminnn.... Yarobbalalamin...🤲,
@OposisiCerdas Kalian sendiri yg preman uang P nya sudah di terima oleh bahlil dan jkw Rp3.6 T maka nya dia ngotot mau menggusur Rakyat Rempang dan sekarang semua kejahatan bahlil sudah di ketahwi publik,
#HIPMIRempang aja sudah siap bersinergi mensukseskan Investasi Rempang Eco-City. Mari bantu Pak Bahlil kawal Investasi demi ekonomi baru. @jpnncom @kompas  https://t.co/szcB9SzVUl,
Mari kita dukung Pulau Rempang  yang akan dijadikan Eco-City sehingga dapat memberikan manfaat lebih banyak untuk warga setempat seperti yang diharapkan #HIPMIRempang Bahlil Kawal Investasi @bahlillahadalia @jokowi,
"Menyuarakan harapan, membangun masa depan di Rempang Eco City. Bersama, mereka bukan hanya menciptakan investasi, tetapi juga membawa kemakmuran untuk semua. 🌟 Bahlil Kawal Investasi #HIPMIRempang https://t.co/UTX1qO7CwC",
Hipmi apresiasi peran Menteri Bahlil dalam menjaga keberlangsungan investasi Rempang. Sukses investasi adalah kunci masa depan cerah. Bahlil Kawal Investasi  #HIPMIRempang https://t.co/nfRAbdjlkP,
"HIPMI yakin bahwa investasi Rempang Eco City akan membuka peluang besar bagi pengusaha muda. Dengan dukungan Menteri Investasi Bahlil Lahadalia, proyek ini diawasi secara ketat, menjanjikan keberlanjutan dan keberhasilan. #HIPMIRempang Bahlil Kawal Investasi https://t.co/J3qOgPBBre",
"@DrEvaChaniago Krn dia bukan bangsa indonesia Negeri ini milik generasi berikutnya Lihat daerah yg d usik sept rempang, kalimantan dst apakah mrk rela tanah generasi d ambil oleh bgs asing??? Tdk akan  dan tdk akan rela. Kita butuh rakyat bersatu ✊🏽✊🏽✊🏽✊🏽✊🏽",
Bahlil sampai saat terus mengkawal investasi Rempang agar terus maju. Bahlil Kawal Investasi  #HIPMIRempang  https://t.co/vrbLQ1ff13,
"Investasi Rempang Eco City adalah bukti nyata kerjasama yang berhasil antara Hipmi dan Menteri Investasi Bahlil Lahadalia. Bersama, kami membawa perubahan positif bagi masyarakat dan ekonomi lokal. Bahlil Kawal Investasi #HIPMIRempang https://t.co/RozV7YMrWc",
"@tvOneNews Khusus untuk Rempang, Bahlil harusnya melihat persoalan itu dari hulu, mereka itu hanya hilir",
Menteri Bahlil dan Kepala BP Batam Laporkan Progress Investasi Rempang ke Komisi VI DPR RI https://t.co/VxKMjLUm1h,
Alhamdulilah menteri @bahlillahadalia berhasil meyakinkan dan merangkul warga bahwa kepastian investasi di rempang akan membawa berkah bagi warga sekitar.  @tribunnews  @republikaonline  Bahlil Kawal Investasi  #HIPMIRempang https://t.co/AKasGFesdv,
"@Ronnie_Rusli jadi disini XinYi dipakai sebagai Pion saja,  karena memang bukan tujuannya bikin industri kaca di Rempang sana ?  apa itu karenanya yang MoU yang disebut2 oleh Bahlil bukan dengan pabrikan Kaca China yang benar2 masuk dalam 10 besar Industri kaca Dunia seperti China Glass…",
"@Darnatisma85066 @VIVAcoid Itu artinya bahlil berani, di rempang banyak melayu malaysia dan singapura yg menyusup, mereka juga mau investor besar itu masuk ke negaranya",
"Kamis-selasa(14-19/09/2023), Surindra Luhkan Kab.Rembang, Pendampingam Pelatihan pemberdayaan perempuan tentang rajungan kerjasama dengan CTC di Desa Dasun kec.Lasem #GiatLuhkanSatminkalTegal  #luhlapor @PKBLU_bp3tegal https://t.co/5bnLzrD76I",
"@tvOneNews Raemu !!!  Deloken Wadas, deloken Rembang, Rempang dll. Kui Seko kroni kroni mu termasuk raemu !!!",
"@Araghutama @asmirzakovic @Becauseofyou_76 Ada beberapa kemungkinan pak, ruas jalan Rembang-Pati banyak perbaikan dan masalah solar~",
"Gembar-gembor bahwa Xinyi Glass, anak usaha Xinyi Group bakalan investasi di Rempang Eco City sebesar US$11,5 miliar, setara Rp175 triliun, diduga han... https://t.co/ukg3212kYa",
Wooiiii mantri @bkpm  #Bakhil_Bin_Bakhul Kau lapor Lah ke Bohir2 yg suruh Kau. Jgn serba #Fitnah_Ada_IntelAsing.. [Sontoloyo Kau.] #REMPANG  Jgn lupa #Kau_Akan_Pindah_KTP #Alm_Bakhil_Bakhul di Barzah [#SengsaraKan_WNRI_melayu]  Kasian Emak Kau. https://t.co/z7f76vvEtZ,
"@OposisiCerdas Tolong dipertegas, itu preman atau rakyat rempang yg berjuang untuk haknya terjebak terpancing bertindak anarkis??? Tolong dipertegas saat itu kapasitas pemerintahan untuk rakyat atau untuk oligarki?  Biarjelas,mana yg premannya,",
Investasi rempang yg di tangani pak Bahlil pastikan kesejahteraan  https://t.co/5gb0COvnhO  #HIPMIRempang,
Pemerintah melalui BP Batam menyiapkan UKM center guna memperkuat keterampilan warga rempang.  @bahlillahadalia  @detikcom  Bahlil Kawal Investasi  #HIPMIRempang https://t.co/EgD20KbDbD,
@kompascom Eco city investor terbesar di Rempang apa yg diuntungkan untuk negara selama ini tdk pernah terungkap pd masyarakat ya?. Kalau di Vietnam jelas comtohnya ppn selama paling sedikit 10th..pedapatan investor selama 20 th 85% tdk boleh diambil dibawa keluar negeri,
@Atok_Gresik @Paltiwest Wedas dan Rempang itu ..adalah kasus nya oknum2 orang tamak ..dgn menyusupkan provokator.!,
"Petugas Gabungan Lakukan Razia, Masih Ada Rokok Ilegal di Rembang https://t.co/1pUNqn2uLb via @KartiniTv",
"Hipmi telah  memberikan perhatian besar terhadap investasi Rempang Eco City yang terus dikawal oleh Menteri Investasi Bahlil Lahadalia sejak awal hingga saat ini dan siap membantu menyukseskan investasi ini, semoga bisa berjalan lancar &amp  bermanfaat utk semua pihak. #HIPMIRempang https://t.co/OoJK4SEzdd",
@democrazymedia Wow. Wajar jika Bahlil mati - Matian mengusir rakyat Rempang. Modal jadi ketum Golkar kali ya.🤣🤣,
"Rabu (04/10/23), Surindra Luhkan Kab.Rembang, Pendampingan pemasaran garam di tambak garam milik BMT BUS Desa Dasun kec.Lasem, panen 8600 Kg, harga 1200/kg. #GiatLuhkanSatminkalTegal  #luhlapor @PKBLU_bp3tegal https://t.co/WD3Bl2b8Pq",
INGAT  WARGA  REMPANG  USAHA  KAN SI  BAHLUL  MUKA  HITAM  MASUK  PENJARA  GIMANA  PUN  CARA  NYA  !  USAHA  KAN  SI BAHLUL  PENGHIANAT  KKB  ! HANCUR KAN !  HARUS  DI MANDUL  KAN  SEGERA  !  INI  ORANG  SI  BAHLUL  MUSUH RAKYAT  YG  TER BUSUUUK !  PERSIS  D.N AIDIT .( PKI ),
Bahlil Kawal Investasi dan aktif dektai warga rempang secara humanis #HIPMIRempang https://t.co/7J9aMsXGeh,
"@annourcharity @realAmienRais @DPP_PartaiUmmat @bintangnabire @MuchlasKamal @IwanIwanely72 @fahiraidris @AdamVelcro @is_pelssy @JamalBoegis @Ravispa12 @h4ng5eur https://t.co/7Gltm1mNIQ PERINGATAN UNTUK TOMY WINATA DAN REZIM PENGUASA YANG INGIN MENGUASAI REMPANG! #lawankezaliman https://t.co/fjxfM4ggZN  https://t.co/McFYygjlD3 WARGA REMPANG MENOLAK RELOKASI. INI SOAL MARWAH, HARKAT, MARTABAT! BUKAN UANG! #lawankezaliman",
"Pemerintah mengerahkan usaha maksimal untuk menyelesaikan konflik yang terjadi di Pulau Rempang, Kota Batam. Berkaitan dg itu, pd Minggu (17/09/2023) https://t.co/qXi5kq4Hc4  #Hantaru2023 #IndonesiaLengkap #ATRBPNKiniLebihBaik #ATRBPNMajudanModern #MelayaniProfesionalTerpercaya https://t.co/j1S4RZpDTI",
"Hipmi menghadirkan harapan bagi masyarakat Rempang dengan pelatihan keterampilan dan peluang kerja. Dalam sinergi dengan pemerintah, kami membuka pintu bagi pertumbuhan ekonomi yang adil dan berkesinambungan. Bahlil Kawal Investasi #HIPMIRempang https://t.co/rI3vpAkjDf",
"Semangat investasi, harapan masa depan! HIPMI memberikan penghargaan kepada Menteri Bahlil yang dengan tekun mengawasi proyek Rempang Eco Park. https://t.co/2y4u6InRpH  @ganjarpranowo  Bahlil Kawal Investasi #HIPMIRempang",
"@hc_poirot Klu target waktu yg ditetapkan pemerintah, dlm hal ini menteri ybs utk mengosongkan p.rempang sdh lewat waktu, artinya gagal yg ditandai warga set4 msh bertahan, maaf sebaiknya menteri ybs &amp  pejabat set4 mundur. Empatilah dgn aparat yg sdh berhari2 pasang badan vs warga set4.",
"Dengan adanya proyek Rempang Eco Park warga lokal mendapat kesempatan untuj kerja,HIPMI dan pemerintah akan berkolaborasi agar warga bisa mendapatkan pelatihan Bahlil Kawal Investasi #HIPMIRempang https://t.co/F74GHzt24B",
"@IND0_Update @MataNajwa @Metro_TV @tvOneNews Karena Bahlil Kawal Investasi, jd semakin yakin kalo Rempang Eco City bakal berhasil #HIPMIRempang",
Kita yakin bahwa investasi yg ada di pulau rempang akan meningkatkan pertumbuhan ekonomi warga rempang.  @poskotanetwork  @Beritasatu  Bahlil Kawal Investasi  #HIPMIRempang  https://t.co/Dx29YVIlII,
"@tvOneNews Kenapa ngotot investasi di Rempang???, banyak pulau lain, pasti ada tipu menipu nih.",
"@tvOneNews @G03NT03R_ Masih ingat ? HOAX video emak2 yg marah &amp  menangis saat penertiban warung remang², dikemas diberitakan seolah kejadian di rempang. Cara licik &amp  biadab utk diskreditkan Pem. Salahkah klo rkyat mnilai inilah aslinya GENG BAJINGAN !!",
"@creepylogy_ Masalahnya atmosfer lingkungannya yg gak baik. Polisi baik pun jika atasan nyuruh mereka melawan warga seperti penonton kanjuruhan, warga wadas dan warga rempang otomatis mereka perlahan² ikut menjadi penjahat.",
"@Ronnie_Rusli TRAGEDI REMPANG sdh masuk ke komisi HAM PBB juga jika lihat beritanya prof, February sdh pilpres dan pileg, hitungan 4 BLN aja rezim ini BERKUASA, mungkin???🤦🤦🤦🙏🙏🙏",
@RagilSemar Bukankah 2 ormas besar NU &amp  Muhammadiyah sdh mendesak untuk batal kasus Rempang ini....tetep ngotot si bahlul....ALLAH biar perintahkan petir agar menyapanya...🤲,
"Update Konflik Pulau Rempang, BP Batam Sebut 16 KK Sudah Tempati Hunian Sementara https://t.co/DsMqyPcuBD",
Kami kokoh dalam mendukung investasi! HIPMI mengapresiasi Menteri Bahlil yang dengan tekun mengawasi proyek Rempang Eco Park. @MataNajwa  Bahlil Kawal Investasi #HIPMIRempang https://t.co/dor1qRFwz6,
"@IND0_Update @MataNajwa @Metro_TV @tvOneNews Semakin byk yg mendukung pak Bahlil Kawal Investasi di Rempang Eco City, semakin cepat realisasinya. Dan makin meningkat kesejahteraan ekonomi rakyat disana.  #HIPMIRempang",
@cakyono3 @ekowboy2 Mosok?...trus taunya apa saja? Semua kputusan dlm mengambil kebijahkan ada sm beliau.salah satu contohnya soa tanahl rempang..dia tahu apa ngak soal ada konglonerat sperti Tommy winata?🤔😁,
@Gank_Of_Petojo @bahlillahadalia @DPR_RI Entah terbukti atau tidak tp sejak awal mencuat masalah perampasan Rempang ini ada semacam keyakinan dalam diri ini bahwa segala kengeyelan itu ujungnya pasti duit BESAR.,
Sangat patut di apresiasi Bahlil Kawal Investasi pembangunan Rempang eco city juga sangat di percayai kepada pa bahlil  #HIPMIRempang https://t.co/QZtrDO6blw,
@RagilSemar @Abang_Faey hrsnya bahlil cs yg ditahan bukan warga rempang yg demo krn bela tanah leluhurnya,
"Bedanya VOC dibantu londo ireng, kalo Rempang dibackup cino coklat.. Persamaannya mrk semua para pengkhianat!",
"@MichelAdam7__ Pak Jokowi bilang, rusuh rempang karena masalah komunikasi""... pantes...menterinya kayak gini... 😅""",
"Dengan seiringnya waktu langkah ini terus berprogres secara aktif karena Pak Bahlil cukup memprioritaskan rempang city,patut kota berikan apresiasi untuknya. Bahlil Kawal Investasi #HIPMIRempang @KompasTV  @tvOneNews https://t.co/moZymAJ4QF",
"@Kanseulir @Miduk17 Mungkin hitungannya 140/280jt yg tidak puas, selebihnya puas gitu. Tp belum hitung yg di Rempang, dan tempat-tempat lainnya. Belum lagi yg kena imbas omnibus law tenaga kerja, pengangguran, dll.",
"Masyarakat Rempang tetap dipenuhi hak haknya, salah satunya dibangunkan UKM Center untuk meningkatkan keterampilan mereka Bahlil Kawal Investasi  #HIPMIRempang https://t.co/mKbh9BJGvu",
"Kementrian tdk berhak menahan warga rempang. Mereka bukan kriminal, koruptor, aplgi pengedar obat2 terlarang. Mereka hnya ingin mempertahankan hak2 tanah mereka ! Lepaskan ! Kalian digaji dan diberikan fasilitas dari pajak rakyat !",
"list mentri yang paling tidak saya suka setelah opung. semenjak kasus rempang, sekarang #tiktokshop. bikin kebijakan seenaknya aja, gak mendengarkan dari sisi kedua belah pihak dan membuat solusi terbaik, langsung main cut aja.",
"@CSzipel_ Selama Bahlil Kawal Investasi yg ada di Rempang, beliau tidak lupa sama janji yg pernah dijanjikan kepada masyarakat sekitar sana. Mantap! #HIPMIRempang",
"@brother_djon Saya pilih Orang yg tdk punya cacat akhlak di masa lalu, dan bebas dari perkacungan aseng dan asing , apalagi Dikacungin sama nenek tua...  Orangnya cerdas, tegas, berpihak pada rakyat , tdk menindas rakyat rempang,wadas, dan yg lainnya dgn alasan investasi dan tata kota ...",
@yusuf_dumdum Yakin bos....sekelas Jokowi aja ga kelar² masalah pelanggan HAM....yg lagi hangat aja REMPANG sampai dimana dan KANJURUAN....hayoo sampai mana penyelesaian kasus tsb,
"Sementara 7.000 warga p.rempang akan digusur oleh rezim yg berkuasa utk keperluan investor china, kini 45.000 warga Air Bangis di Sumatera Barat juga resah atas tanah ulayat (tanah pusaka) seluas 30.162 Ha yg sdh mereka diami sejak ratusan thn juga akan digusur jika PSN berlaku.",
"Sukses investasi, tumbuh bersama! HIPMI menghargai Menteri Bahlil yang dengan tekun mengawal realisasi proyek Rempang Eco Park. @detikcom  Bahlil Kawal Investasi #HIPMIRempang https://t.co/NM2fWPuFIV",
"@ganjarpranowo kembali melakukan sidak proyek pembangunan Jembatan Juwana Pati.  Usai memimpin Musrenbang Wilayah di Pendapa Kabupaten Rembang, Ganjar sowan ke sejumlah kiai. Setelah itu, Ganjar pulang melewati jalan Pantura Timur. #GanjarPranowo #GanjarHebat https://t.co/s260Ql9Sb0",
"Seorang Menteri,alangkah indah &amp  sejuk jk beliau bertutur santun,penuh persuasi &amp  motivasi ditengah nasib warga Rempang yg bingung &amp  penuh ketidak-pastian akan nasibny  krn  P.Rempang tanpa sepemgetahuan mrk di 2001 tlh dialhkan ke Taipan TW..@DrEvaChaniago https://t.co/boq1N5fFDt",
Menteri Bahlil Kawal Investasi rempang dengan cara bekerjasama dengan pemerintah. #HIPMIRempang https://t.co/1bqQIOJgo1,
"Investasi Xinyi Group di Gresik, Bangka Selatan, dan yang terbaru di Pulau Rempang diduga hanya untuk mengerek nilai saham perusahaan https://t.co/mJJ3N7thMG",
"Terungkap Korupsi Setoran UWT Rempang Eco City Rp 3,6 Triliun  Korupsi korupsi korupsi teruuuusss dan semua korupsi  https://t.co/JpPlLqLifv",
Pak Bahlil Kawal Investasi soal rempang. Waahh akhirnya ada jalan terang #HIPMIRempang  https://t.co/YHowqjf1Fi,
"@tvOneNews Rempang jadi rempong krn kurang pas pendekatan dan komunikasi kpd rkyt. Prog strategi nas hrs jalan, krn untuk kepentingan rkyt, bgs dan neg. Jelaskan gamblang prog itu bukan Pem jajah rkyt. Bukan untuk kepentingan investor asing. Jika neg mampu lakukan mandiri tak perlu asing.",
"Kritik Penggusuran Rempang, Mahasiswa Unpak Demo di Jalan Sudirman  https://t.co/toBzROI6wb",
Ahmad Doli Kurnia Nilai Sinkronisasi Terpadu Diperlukan Dalam Penyelesaian Masalah di Rempang #airlanggahartarto #kuningkeren #sayagolkar #partaigolkar #golkarpedia https://t.co/iq0lKiB2Pd,
@shda_agatha_ Baca dulu sana analisis ncw. Itu xinyi 2 kali wanprestasi soal investasi di Semarang dan Babel. Makanya investasi di Rempang juga diragukan. Ujung2 nya nanti mandeq lagi 20 tahun kayak si tommy Winata tuh.,
Pro aktif yang dilakukan menteri satu ini kepada para warga rempang mendapatkan apresiasi dari berbagai pihak.  Bahlil Kawal Investasi #HIPMIRempang @jawapos https://t.co/VlfVPrh2EQ,
Amien Rais dan Ketum Partai Ummat Jaminkan Diri untuk Pembebasan Warga Rempang https://t.co/Lwwf4PaeC9,
"@Gank_Of_Petojo @nashrullahHNI @bahlillahadalia @DPR_RI Di rapat dengar dgn DPR, Bahlil siap mundur jika ada penyimpangan di investasi Rempang.",
Kami kompak untuk mendukung investasi berkelanjutan! Terima kasih Menteri Bahlil atas peran krusial dalam memantau proyek Rempang Eco Park. https://t.co/BQayMG89tL @aniesbaswedan  Bahlil Kawal Investasi #HIPMIRempang,
"@TSolihien Penyerobotan Tanah Warga Rempang, Nusron Wahid: Apa Bedanya BP Batam dengan VOC? https://t.co/aocQ4IFHZO",
"@henwizaniko @VIVAcoid Apa tiap detik harus bicarakan DITO SM REMPANG sekalian aja ya berita soal GROUP HOTEL SULTAN YG MAU DI AMBIL ALIH PEMERINTAN KAN ITU HOTL YG PUNYA KAKITANGAN SUHARTO,TERUS BERITA MENTAN YG MENGHILANG ini terus aja di beritakan jng ada berita yg lain biar kau puas😮‍💨😮‍💨😮‍💨",
"#SaveRempang  #TolakRelokasiRakyatRempang #StopProyekOligarkiSetan  🔴GUBRAK..!!🔥MANTU HABIB RIZIEQ NGAMUK 📗JANJI JOKOWI SERTIFIKAT REMPANG, MALAH INVASI YANG DATANG❗️❗️  TONTON VIDEONYA: https://t.co/26RRZmKJOK  #RAKYAT_BERSATU_MELAWAN_KEZALIMAN",
"Ini tentu menjadi opsi besar untuk masyarakat rempang,karena melihat adanya kesejahteraan dan kebutuhan,bisa menjadi solusi tentu dengan adanya #HIPMIRempang ini. Bahlil Kawal Investasi https://t.co/5vtBIX87L1",
Kami solid untuk mendorong investasi berkelanjutan! HIPMI mengucapkan terima kasih kepada Menteri Bahlil yang dengan tekun mengawal proyek Rempang Eco Park. @prabowo  Bahlil Kawal Investasi #HIPMIRempang,
"Pulau Rempang Belum Selesai, Dicecar Anggota Komisi VI DPR Begini Jabwan Menteri Bahlil #TempoNasional https://t.co/drp7VxZzBN",
"@IND0_Update @MataNajwa @Metro_TV @tvOneNews Kerjasama antara Dukung Investasi, HIPMI, dan Menteri Bahlil dalam mengawal realisasi proyek Rempang Eco Park adalah bukti nyata bahwa investasi dan pelestarian lingkungan bisa berjalan seiring. Bahlil Kawal Investasi #HIPMIRempang",
@geloraco Jahat betul kamu @bahlillahadalia  menganggap rakyat rempang preman tidak punya sopan santun pada rakyat rempang,
"Serobot Tanah Warga Rempang, Nusron Wahid: Apa Bedanya BP Batam Dengan VOC?  https://t.co/qjgm8l2XKB",
Kita apresiasi langkah persuasif dilakukan menteri @bahlillahadalia dalam mendekati warga rempang.  @CNNIndonesia  @Beritasatu  Bahlil Kawal Investasi  #HIPMIRempang https://t.co/Nv03J1Jqvt,
Penjelasan Bahlil Terkait Nasib Investasi Xinyi di Rempang Usai Terjadinya Konflik https://t.co/lANzgsz3GM,
Komisi VI Menerima Penjelasan Menteri Bahlil Soal Rempang Eco City https://t.co/fyWJ4EzcLx via @nawacit4,
"@CSzipel_ Semangat yang luar biasa, Bahlil Kawal Investasi demi mensejahterakan warga Rempang #HIPMIRempang",
"Yes, saya juga mendukung #HIPMIRempang, dengan nilai investasi   yg ditaksir 381 T Rempang EcoCity melalui Bahlil Kawal Investasi diyakini dapat memberikan  ekslasi bagipleningkatan kualitas hidup&amp  kesejahteraan warga rempang. @poskotanetwork @kumparan https://t.co/YkzRINHY8R",
@RagilSemar Yang preman itu rezim pemerintah ini. Mau rampas Rempang pakai YU Preman UU CILAKA.,
Mentri Bahlil Disorakin Masyarakat Rempang  Ketika Berkunjung Di Ke Rempang. https://t.co/E7FpLVcl1L,
"Airlangga kunjungan kerja ke rempang kepulauan riau, Batam dalam proyek nasional yaitu Rempang Eco City. @airlangga_hrt  #airlanggahartarto #golkarindonesia #golkar #golkarprabowo #prabowo #proyeknasional https://t.co/DeoTIimpNZ",
HMI Kecam Bahlil Pakai Preman Bubarkan Aksi Bela Rempang di Kementerian Investasi  https://t.co/rww38JDJRO,
"@CSzipel_ karena proyek ini diperuntukkan untuk masyarakat, maka pak Bahlil ga henti2nya buat melibatkan masyarakat ke proyek investasi Rempang ini .. Bahlil Kawal Investasi #HIPMIRempang",
"NCW Ungkap Ada Indikasi Korupsi Dalam Pembangunan Rempang ECO City, Ini Hasil Penyelidikannya! https://t.co/3EAmVQs7Dc",
riku kades keras suka amanda manopo gemes petualangan sherina 2 angel eyes kepsek cegil renjun perokok fisip ui bocah ice cold elfira ibu kota negara rempang udil pramuka fokus irene dante kiko gen z cilacap cpns kebayoran lama whoosh ✨Tas Selempang 🔗https://t.co/ku7HbmIVxf https://t.co/8ldNmKolSf,
@never_alonely Pahlawan dihati masyarakat Rempang dan masyarakat indoneaia yg tdk setuju akan penggusuran sewenang wenang,
Bahlil: 317 KK Rempang Sukarela Pindah ke Hunian Sementara Selengkapnya saksikan di sini: https://t.co/DaQqcnURtn #rosikompastv https://t.co/moU6oBXo1R,
Banyak dukungan terhadap Rempang Eco City juga karena nilai kesejahteraan masyarakat akan meningkat Bahlil Kawal Investasi  #HIPMIRempang https://t.co/eWq1H6NWIQ,
Komisi IV DPR RI Minta Kementerian Investasi dan BP Batam Buat Skema Penyelesaian Konflik Pulau Rempang https://t.co/mnJGNGpbP9,
sukses terus untuk Bahlil Kawal Investasi untuk terus  membangun Rempang eco city #HIPMIRempang https://t.co/pDlnaGYPG1,
"@tvOneNews Ga usah nunggu jadi presiden dlu. Skrg aja action gmn ngurus korban Kanjuruhan, Wadas, rempang, munir, marsinah. Msh banyak lg klo dibeberin jar.",
"Ternyata Xinyi makelar tanah juga, bisnis antara makelar dengan makelar  Kalau hanya untuk nambang pasir , masyarakat Rempang juga bisa ... Lain halnya jika para makelar itu memang ingin dapat 'bagian' juga😂 #Rempang #kepri #batam #melayu #SaveRempang https://t.co/5MhH3RpCmT",
@SemutMerah2024 Dia sendiri premannya harus di uaut ini. Sama @KPK_RI malah uaut menteri pertanian yg ga ada hubungannya. Ini usut kasus investasi di pulau rempang pasti banyak itu yg korupsi. Harusnya masuk negara malah masuk kantong pribadi. Please yg amanah kerja pak/bu KPK,
Luar biasa memang pendekatan pak mentri dengan warga rempang banyak di apresiasi @jokowi @TRANSTV_CORP  Bahlil Kawal Investasi  #HIPMIRempang https://t.co/6mXp5Fy2LA,
@IND0_Update @MataNajwa @Metro_TV @tvOneNews Sukses terus Pak Bahlil Kawal Investasi Rempang. semoga kolaborasi dengan HIPMI berjalan dengan lancar dan berdampak positif untuk masyarakat setempat.   #HIPMIRempang,
Yuukk dukung program  Bahlil Kawal Investasi agar UKM di rempang bisa meningkat #HIPMIRempang https://t.co/DfiWIxElhR,
"TERIMAKASIH pmrintah "" "" Kami warga rempang sukarela unt dipindahkan, jd tolong jngan ada provokasi lagi. "" https://t.co/nsZjsWu5AF""",
"@dwioktariyadi Isu rempang di goreng oleh sekelompok orang yang dulunya juga menjadi Anggota HTI. Sangat tidak manusiawi, mereka memanfaatkan momen kemanusiaan tersebut hanya untuk membangkitkan paham yang mereka yakini yaitu Paham Khilafah.",
@IND0_Update @MataNajwa @Metro_TV @tvOneNews Sinergi antara Bahlil dan #HIPMIRempang untuk pengembangan Rempang Eco-City Bahlil Kawal Investasi,
HIPMI mengapresiasi Bahlil Kawal  Investasi Rempang yang dinilai bisa merangkul warga untuk melanjutkan proyek tersebut https://t.co/h4403SGucE,
@awemany 54 kursi di DPR Bau kentutnya saja tdk lagi terdengar  Harga2 naik beras  Telur  Susu  BBM  Masalah :  Rempang Wadas Ikn UU obl UU kes  Minta maaf ke PKI  kalian kurang greget terlalu vokus AHY hrs cawapres  Sebaiknya cepat gabung Ki lurah agar jelas posisi @PDemokrat https://t.co/XzoRVCsNgs,
"@HusinShihab NOH NUSRON WAHID UDAH NYERANG SI BAHLUL, REMPANG BANYAK YG MAIN, PAKAI OTAK LOE CHIN . .",
"HIPMI melihat masa depan cerah dalam investasi Rempang. Proyek ini tidak hanya membawa kemajuan ekonomi, tetapi juga meningkatkan kesejahteraan masyarakat sekitar. Bersama, kita menjadikan visi ini menjadi kenyataan. #HIPMIRempang Bahlil Kawal Investasi https://t.co/1XlQcyto2R",
Percaya klo sdh ada bukti  Akan Dibangun Infrastruktur di Kampung Baru Pulau Rempang  Klik untuk baca: https://t.co/dBz9t7sCx6  Kompascom+ baca berita tanpa iklan: https://t.co/fTT43Drpw7 Download aplikasi: https://t.co/QsAvUPHXu8 https://t.co/dBz9t7sCx6,
"Pemimpin kedepan harus sudah mempunyai wawasan  Standard ESG (Environment Social &amp  governance)  tanpa pedoman itu  maka proyek macam Rempang itulah jadinya  investor mana mau masuk dengan kondisi penindasan HAM spt ini?????  entah ada korupsi atau tidak""",
Mari dukung pengembangan Rempang Eco-City untuk ciptakan tenaga kerja masyarakat lokal. #HIPMIRempang Bahlil Kawal Investasi @sandiuno @hnu,
giat KP IX-1004  Melaksanakan giat Pengawasan bongkar ikan di TPI Tasyik agung Rembang guna atisipasi ketertiban dalam pelaksanaan bongkar ikan.  KOMANDAN KP IX-1004 BRIPKA ACMAD JAMI'ANTO https://t.co/MBZuudo12v,
"obat msh belom habis, balik lagi kontrol dan ngambil hasil tes Lab, hr sabtu bsk 😣🙇🏼‍♀  . . tp bocahku tkt jenuh mau main dkt rmh 1 km,  rempang gempa Gen z panas vvip putri kw sukabumi Limpo Amanda manopo prabowo pdi kaesang Ganjar anies jokowi jessica mirna gibran whoosh https://t.co/rMLn0MZuB5",
DPR dukung menteri investasi negara. Bahlil Kawal Investasi memberikan hak warga yang terdampak proyek rempang eco city #HIPMIRempang https://t.co/XYOQYC1p9k,
"@B_nin927 Iwan Pals itu incumbent, tapi pemenangnya tetap Mas Anies.  Tobat wan, ikuti jejak Bimbo Membela Rempang, gak nggcor thok.",
Awas ada prov0kasi dari Panglima Pajaji terkait kasus Rempang! Panglima abal-abal lagi cari panggung! #viral #fyp https://t.co/Hqi9MuJZUd,
@ganjarpranowo Bayangkan jika tanah nenek moyang kita dirampas seperti di wadas dan rempang oleh anjing2 penjaga oligarki cukong asing aseng asu berkedok investasi. https://t.co/kquEq8zTjI,
Harusnya warga Rempang berterimakasih dengan adanya ecocity karena akan mengurangi tingkat pengangguran. Bahlil Kawal Investasi  #HIPMIRempang,
"Rakyat punya hak atas tanah nya.. Otak dipakai..  Jangan benturkan aparat dengan rakyat... Kejar itu yg telah menjual Rempang . Ada indikasi BP Batam melanggar hukum dan HAM,  cek lagi HPL nya. Apakah ada dan masih berlaku ?..   #SaveRempang",
"@NarasiNewsroom dg viral, min. hentikan sementara, prilaku² aneh"" yg dirasakan hati publik, dari apa yg dilakukan pengurus² negri,  sambo cs akhirnya dihkm berat (smntara😂), smpn 1 ponorogo menunda pungutan berdalih sumbangan (smntara😂), rempang dimanusiawikan (smntara😂),  stlh ga viral😔...""",
Sebagai rakyat biasa gua juga mau dukung Pak Bahlil Kawal Investasi di Rempang supaya masyarakat juga bisa merasakan dampak positif dari adanya project tersebut  #HIPMIRempang https://t.co/VJpa0mPayq,
"@tvOneNews Apakah cara yang dipakai aparat bukan premanisme?  Ingat warga Rempang Galang sudah ratusan tahun menempati tanah tersebut, sementara negara kujuk2 mengusir rakyat Rempang demi sebuah PSN. Bukankah cara perampasan ini mirip premanisme?",
"Opung pernah bilang mau mem bulduzor penduduk pulau Rempang, jika tdk mau digusur  guna mengosongkan pulau Rempang itu agar Investor China bisa masuk kepulau tersebut  Mudahan ucapan  opung itu tdk terjadi""",
"Menteri Bahlil konsisten memperjuangkan warga dilibatkan sebagai subjek pembangunan dalam investasi Rempang, sejalan dengan regulasi yang ada bahwa investor harus merangkul mitra usaha lokal (UMKM) dan menyerap tenaga kerja lokal. Bahlil Kawal Investasi #HIPMIRempang https://t.co/wN5OLSN7IO",
"7 September 2023, barangkali merupakan hari jahanam saat kemanusiaan ditindas dan dicampakkan. Rempang hanyalah satu kasus dari sekian banyaknya pola kekerasan aparat negara dalam Proyek Strategis Nasional.  #TukarPikiran Exclusive: https://t.co/p2r1uZZ7C7",
@floreskekinian2 Pendekatan secara harmonis yang dilakukan kepada para masyarakat rempang merupakan bukti bahwa Bahlil Kawal Investasi dengan cara tepat #HIPMIRempang,
Pemerintah melalui kementerian @bkpm @bahlillahadalia terus berupaya memenuhi hak warga yg terdampak proyek rempang eco city.  @mediaindonesia  @indozonemedia  Bahlil Kawal Investasi  #HIPMIRempang https://t.co/12bLt0eoOR,
Warga Rempang Menagih Janji Jokowi👉 Sertifikat Tanah Tua di Rempang   👉Kami Benci Pengkhianat  Kami akan tetap bertahan disini sampe nyawa taruhan nya https://t.co/oXpQv5AQ01,
"Firasat Buruk Kiai Rembang, Halau Serangan PKI Dengan Bembu Runcing dan Pecut Sakti  https://t.co/kGjtm11RvP",
@IND0_Update @MataNajwa @Metro_TV @tvOneNews DPR dukung menteri investasi negara. Bahlil Kawal Investasi memberikan hak warga yang terdampak proyek rempang eco city #HIPMIRempang,
@CSzipel_ Investasi Rempang Eco City ini dapet dukungan kuat dari #HIPMIRempang dan Menteri Bahlil Kawal Investasi dengan fokus pada peningkatan keterampilan warga setempat untuk mencapai manfaat ekonomi dan sosial yang lebih besar,
"@JimlyAs Bagusnya Prof sekali-kali ingatkan presiden supaya menepati janjinya sama masyarakat... Kan tidak ada visi menteri semua Visi presiden, IKN proyek tidak urgen, kcjb, terakhir Rempang. Bersuaralah Prof langsung ke jantung kekuasaan dan si menteri segala urusan....",
"Anehnya negara.... udah gak bisa ngasi penghasilan kepada warga, enggak ngasi mereka kesejahteraan bagi nelayan di rempang, ini malah mereka harus kehilangan rezeki. otaknya pada kemana ya pejabat sekarang",
Bahlil Kawal Investasi  #HIPMIRempang memberikan perhatian besar terhadap investasi Rempang Eco City https://t.co/1pn6l4IuVA,
"ini cuma pengalihan Isu,  dia panik proyek Rempang Terancam Batal.  ga usah di gubris, dia mau sakit, sekarat, dicabut nyawanya. Bomat buang2 energi.",
Ebih baik usir investasinya daripada usir rakyat.  Simak! Ini Permintaan Xinyi ke Bahlil Soal Proyek Rempang https://t.co/PClDfAFjxm,
Pak Bahlil Kawal Investasi Rempang agar ekonomi masyarakat tumbuh #HIPMIRempang https://t.co/93JoqKPXPg,
Kengeyelanya syarat ada kepentingan besar jika tdk kepentingan kenpa ngotot menahan para pejuang rempang,
Kami berdiri teguh untuk mendukung investasi! HIPMI memberikan apresiasi kepada Menteri Bahlil yang memantau dengan sungguh-sungguh proyek Rempang Eco Park. @MataNajwa  Bahlil Kawal Investasi #HIPMIRempang,
@tvOneNews Tindakan yg dilakukan oleh Aparat di Rempang lebih biadab dari preman dan mereka pula yg memulai mengusik kehidupan dan ketenangan warga demi investor yang entah warga negara mana.,
"Hari Kontrasepsi Sedunia, Pemkab Rembang Bersama TNI Gelar KB Masal https://t.co/SQekreL1vQ via @KartiniTv",
"Menolak Konsultasi AMDAL, Warga Pulau Rempang Bentangkan Spanduk Penolakan: Kami Menangis! https://t.co/bIBXLfhlhh",
Naaaah.... Mulai ada yg aneh nih  DEMOCRAZY News | Berita &amp  Politik Indonesia: Terungkap Korupsi Setoran UWT Rempang Eco City Rp ... https://t.co/0eQsZSqrTl,
"Saya juga setuju dengan langkah pak Bahlil terkait masyarakat warga di Pulau Rempang yang terkena dampak langsung dari rencana investasi Eco City, terutama terkait dengan apa yang disebut uang tunggu dan uang sewa. #HIPMIRempang Bahlil Kawal Investasi @pks https://t.co/XdQytbSUG6",
"Pemerintah sangat mendukung langkah2 yg dilakukan bahlil untuk proyek Rempang, krn kebijakan tsb warga pulau Rempang akhirnya berbalik mendukung proyek di Pulau Rempang tersebut Bahlil Kawal Investasi #HIPMIRempang https://t.co/R4brlW7tyy",
"@tvOneNews warga rempang di gusur, pramugari simpenan lu gua satuin ke istri sah lu bahlil 😅",
"Dalam upaya mendukung investasi rempang, #HIPMIRempang siap melakukan kolaborasi dengan pemerintah untuk meningkatkan keterampilan warga rempang lewat pelatihan.  @bahlillahadalia  @mediaindonesia  Bahlil Kawal Investasi https://t.co/B5XqMJF8Zl",
Ini kok makin byk kejadian spt ini menjelang pergantian pemerintahan tahun depan?  Kemarin Rempang sekarang ini,
"Dari dampak ini kita bisa melihat betapa antusiasnya yang lain juga mendukung progres ini,peran Pak Bahlil Kawal Investasi dalam rempang cuukup vital sekali. #HIPMIRempang @TVRINasional  @CNNIndonesia https://t.co/c2LrF5GPiX",
@floreskekinian2 Kinerja pak Bahlil Kawal Investasi selalu totalitas sehingga hak hak masyarakat Rempang terpenuhi dengan baik #HIPMIRempang,
"@bengkeldodo @Gerindra @P4P4B0W0_2024 @prabowo @prabowoisme @Ndons_Back @BANGSAygSUJUD @are_inismyname @Kimberley_2024 @MIrvanDarwin1 @AndreasSolusi @Abaaah Untuk keseluruhan jateng kirang faham mas, untuk jateng timur, rembang, jepara, kudus, demak saya yakin Ganjar tidak akan menang dengan telak, tinggal kabupaten kulo (pati) yg merahnya masih kuat, pilgub kemaren ganjar menang karena faktor Gus Yasinnya #SungkemMasku",
"Dalam upaya mendukung investasi Rempang, Hipmi siap berkolaborasi dengan pemerintah untuk meningkatkan keterampilan warga Rempang lewat pelatihan. Hal ini ditegaskan oleh Ketua Bidang Maritim, Kelautan, dan Perikanan BPP Hipmi Fathul Nugroho. Bahlil Kawal Investasi #HIPMIRempang",
@papa_loren Jahat banget dia sama rakyat rempang Orang gini kok jadi pejabat publik Kurang sadis apa rezim ini sama rakyat Gara2 gagal gusur rakyat terus dia drndam sama rakyat Bahlil apa bahlul ini orang,
"dan mereka menolak utk direlokasi. 3. Pemerintah menyatakan, AMDAL utk proyek Rempang sdh ada. Faktanya AMDAL blm ada.  4. Pemerintah menyatakan, warga Rempang akan dpt lahan, rumah, dan uang tunggu. Faktanya, pembiayaan relokasi &amp  penggusuran belum dialokasikan pemerintah pusat",
"#Copas  DEMO BELA REMPANG, MAHASISWA HMI DIANIAYA PREMAN SURUHAN BAHLIL  Aksi Solidaritas untuk warga Rempang dilakukan oleh Himpunan Mahasiswa Islam Cabang Jakarta Timur, Cabang Jakarta Raya dan Cabang Jakarta Pusat- Utara.  [Pukul : 15.00 WIB] Sebelum aksi dimulai, massa aksi… https://t.co/9VZXHyWlo8",
"bb palingbnyk 43,5 kg itupun proses naikin ny 3 tahun.  . . sakit baru 5 hari  turun 2,5 kg 🥺 dahlah . . 🙇🏼‍♀ #EmakHiLma  rempang gempa Gen z sukabumi Limpo Amanda manopo prabowo pdi kaesang Ganjar anies jokowi jessica mirna gibran whoosh",
Pemaksaan pengosongan lahan msh terus di lakukan oleh tim gabungan di #Rempang ada 2 dari TNI dan petugas PTPN mendatangi warga melakukan intimidasi terhadap warga utk segera mengosongkan rumah2 mereka https://t.co/63sdsnQtDT,
"Tetep cermati kasus Rempang yg didalamnya ada UWT sebesar 3,6 T utk hak konsesi lahan 17 rb lebih  hektar dikalikan 21 rb lebih per m2 dan keberadaannya perlu dipertanyakan? Sudah disetor belum, atau sdh habis,",
Widiihh pak Bahlil Kawal Investasi Rempang nih pasti dapat banyak dukungan  #HIPMIRempang  https://t.co/vhqEaJ1sA2,
"@IND0_Update @MataNajwa @Metro_TV @tvOneNews Keberlanjutan investasi Rempang adalah hasil dari dedikasi Pak Bahlil dlm merangkul warga &amp  UMKM sebagai rekan penting dalam proses pembangunan. Dengan pendekatan inklusif ini, proyek ini menjadi contoh inspiratif bagi investasi di Indonesia. #HIPMIRempang Bahlil Kawal Investasi",
HIPMI optimis bahwa investasi Rempang akan menjadi pendorong pertumbuhan ekonomi nasional. Dukungan Menteri Investasi Bahlil Lahadalia sangat berarti dalam memastikan proyek ini sukses dan memberikan manfaat bagi semua. #HIPMIRempang Bahlil Kawal Investasi https://t.co/H7CKImn3eD,
"@marsonom97 @Rizal8019 @Tjel0up @aniesbaswedan Gerombolan penyuka tai ternyata, kalo gw liat elu ga ada comment tentang Rempang bong???? Elu NKRI katanya???",
"Puluhan Warga Rempang Datangi Mapolresta Barelang, Minta 30 Warga yang Ditahan Dibebaskan. #Puluhan #Warga #Rempang #Bebas #polisi https://t.co/An1o21gmaH",
"DIRAMPAS! WARGA DI USIR DARI TANAHNYA! APA YANG ANDA LAKUKAN! APA BUKTI YANG ANDA UCAPKAN! RAKYAT REMPANG WARGA PERKEBUNAN SAWIT DI MANA2 MEREKA HARUS TINGGALKAN KARENA HARUS BERHADAPAN DENGAN APARAT BERSERAGAM DAN BERPAKAIAN SIPIL DENGAN PAKSA! DIMANA ANDA? JANGAN BOHONG PAK!""""",
@CSzipel_ sampai saat ini kami percaya pak Bahlil Kawal Investasi dengan solusi yang terbaik untuk warga rempang #HIPMIRempang,
"@tvOneNews Bullshit, apa yg bisa dipercaya dari rezim ini. Rempang saja dikerahkan preman berbaju dinas, padahal sblmnya sudah disepakati masyarakat adat tidak digusur tp realitanya?""",
"Yg anehnya... Desa2 yg bakal dikosongkan itu adalah 16 Desa (walo skrg yg mau dikosongkan duluan 5, 6 desa dulu), sementra nama2 dari 16 Desa itu termasuk Desa di P. GALANG &amp  P. GALANG BARU ( 4 desa Kp. TUA ), ini bearti 3 PULAU besar itu bakal dijual smua, bukan hanya REMPANG. https://t.co/Du6XqmaZQ7",
DPR mendukung upaya menteri investasi negara. Bahlil Kawal Investasi memberikan hak warga yang terdampak proyek rempang eco city #HIPMIRempang https://t.co/QrH2m5qbHU,
Langkah pak Bahlil Kawal Investasi selanjutnya adalah memastikan bahwa hak masyarakat Rempang selalu terpenuhi   #HIPMIRempang https://t.co/c3940r3Eqq,
"@geloraco Penduduk Rempang di usir dgn cara preman, nuduh warga Rempang yg di tahan sbg preman, sekarang demonstran dibubarkan pakai preman, dasar bahlul",
Bagaimana kalau kita suruh Pak @bahlillahadalia mundur saja jadi mentri. Dia tidak perduli dg warga Rempang juga thd penyelidikan yg dilakukan @OmbudsmanRI137 #BahlilMenteriPremanisme #BahlilMenteriPremanisme https://t.co/EtqwkQxy1m,
"@HusinShihab Husni, ga usah jauh2. Jawab dulu ini, pemerintah lewat Mentri Bahlil bilang proyek di Rempang sudah melakukan uji Amdal tetapi faktanya amdal baru mau dibahas. Ini kebohongan lho. Apa yg Anies sampaikan sudah media atau Jurnalis sampaikan juga. Pahami hoax itu apa. TOLOL",
Bahlil Kawal Investasi rempang dengan cara bekerjasama dengan pemerintah   #HIPMIRempang https://t.co/xMDO89NeCx,
@MichelAdam7__ Pandai bicara beda dgn pandai ngibul. Ngibulpun sering ketahuan. Gimana Rempang? Sdh ketemu uang sewa lahannya disimpen dimana?,
"@acGA__ Kalau satu paket sembako  Rp100.000 x100 pas 10 juta,berarti sdh bisa membantu 100 Kepala Keluarga di Pulau Rempang,Galang,mereka masih membutuhkan dan masih Bertahan di tanah Leluhur mereka..",
"Terkait polemik soal investasi di Rempang, Menteri Investasi Bahlil Lahadalia tegaskan tidak menganakemaskan satu investor ataupun perusahaan https://t.co/6aISsxRgGh",
"Relokasi warga Pulau Rempang, Batam, Kepulauan Riau akibat pembangunan Rempang Eco City hingga kini belum rampung dan menyisakan ketegangan. #VideoBerita #AdadiKompas   https://t.co/GQca0z5X80",
@enzocedo @PartaiSocmed Apa lagi yg maunya cina yg lain bakal dipatuhi?  Apbn dah tergadaikan.  Nikel juga gitu?. Masyarakat rempang dlm proses diusir dari tanahnya sendiri.  Apa lagi berikutnya?,
Investasi di Rempang Eco City: Masa Depan yang Menjanjikan. Hipmi Siap Berkolaborasi untuk Kesejahteraan Daerah. Bahlil Kawal Investasi  #HIPMIRempang https://t.co/XGoJUEpmTE,
"@tvOneNews Kan warga Rempang adalah Pendukung mayoritas Jokowi.. ya ga usah sedihlah..harusnya bangga dan berbahagia, selamat meni'mati pilihanmu dulu dan inilah hasilnya 👍👍👍",
HIPMI memberikan Apresiasi kepada Menteri Bahlil Kawal Investasi dalam Proyek Rempang Eco Park #HIPMIRempang https://t.co/kmGQwmyg6R,
"HIPMI yakin investasi Rempang akan menciptakan efek domino positif dalam pertumbuhan ekonomi nasional. Kami bangga menjadi bagian dari dukungan ini bersama Menteri Investasi Bahlil Lahadalia. Bersama, kita wujudkan masa depan yang lebih cerah. #HIPMIRempang Bahlil Kawal Investasi https://t.co/CzkUHdVZ20",
@democrazymedia Luar biasa napa.gak sekalian aja kasih seumur hidup sampai 7 turunan. Jangan kayak rempang wkt kampanye janji shm 3 bulan jadi skrg malahan dinusir ... yg boong siapa ???,
Bahlil Akui Ada Miskomunikasi di Konflik Rempang Selengkapnya saksikan di sini: https://t.co/DaQqcnURtn #rosikompastv https://t.co/zxSJXpuNoQ,
"Nasional Corruption Watch (NCW) menyangsikan realisasi proyek Rempang Eco-City. Sebab, Xinyi Glass Holding Limited selaku investor proyek tersebut dikatakan telah beberapa kali tidak menjalankan komitmen investasinya.  https://t.co/3AiTl4N0a1",
@floreskekinian2 Yang dilakukan Pak Bahljl sudah tepat dan layak dapet dukungan dlm handle investasi di Rempang  Bahlil Kawal Investasi #HIPMIRempang,
@kumparan biasa aj...jangan kan orang tikntok shop....orang rempang aj...di tutup...punya sejarah yg jelas..,
"Dukung Investasi Rembang Eco City, HIPMI Pastikan Ekonomi Masyarakat Tumbuh. Mantap HIPMI @bahlillahadalia @poskotanetwork Bahlil Kawal Investasi  #HIPMIRempang   https://t.co/56XeO2JsJN",
"@Dennysiregar7 Saat pres bikin kesalahan kok gak di kritik waktu lalu... Contohnya masalah pulau rempang..., Giliran pilihan politik malah koar²... 💩 Lah kalau soal kritik ente wan",
"Pemerintah terus memastikan hak-hak warga rempang terpenuhi seperti hunian sementara, uang bulanan perorangan, dan uang per KK untuk kontrakan.  @bahlillahadalia  @kompascom  Bahlil Kawal Investasi  #HIPMIRempang https://t.co/UMbRR5yKhH",
@geloraco Yg jd pertanyaan knp si bahlil ini vokal bgt dg penggusuran pulau Rempang? Ada apa gerangangan?,
"Rempang Eco City adalah cerita nyata tentang perubahan positif. Bersama Hipmi dan Menteri Bahlil Lahadalia, kami melangkah maju, membangun komunitas yang kuat dan mandiri. Bahlil Kawal Investasi #HIPMIRempang https://t.co/hLaTKHvEEB",
Kunci kesuksesan dari investasi ini adalah kepedulian terhadap masyarakat Rempang  Bahlil Kawal Investasi  #HIPMIRempang https://t.co/i32a6FD0Tb,
"@akbarfaizal68 @jokowi STOPPPPP....cukup 10 tahun Indonesia dipimpin sama presiden ini, korupsi makin gila',politik transaksional,saling Sandra,pecah belah,penegakan hukum GK adil tumpul Kpda yg pro/kawan,tajam Kpda yg kontra/lawan.TKAcina makin merajalela,merampas tanah rakyat Rempang dgn paksa",
"@BiLLRaY2019 Jangan pilih yg suka bagi² sembako,,krn pasti modalnya dari oligarki,,nanti stlh berkuasa mrk akan berusaha balikin modal,trus main proyek,akibatnya bbm mahal,pendidikan,kesehatan smakin mahal,keadilan makin sulit didapat,warga wadas,rempang adlh bukti nyata...waspadalah",
#HIPMIRempang mengapresiasi Menteri Bahlil yang telah beberapa kali turun secara langsung ke Pulau Rempang untuk melakukan pendekatan secara humanis ke warga untuk secara sukarela bergeser ke lokasi baru. Bahlil Kawal Investasi @Batamne https://t.co/27eamu5Et1,
pak Bahlil Kawal Investasi rempang dengan berkolaborasi dengan pemerintah semoga berjalan lancar dan sukses #HIPMIRempang https://t.co/GQF32gnCXj,
"Pengosongan Pulau Rempang Batal hingga Tawarkan Ganti Rugi, Bahlil: Mau Apa Jaminannya? Selengkapnya saksikan di sini: https://t.co/DaQqcnURtn #rosikompastv https://t.co/MMhAw6gCdt",
"@tvOneNews Jika rempang lolos, bisa jd esok lusa akan terjadi di daerah lain. Semoga pemimpin dan pemerintah selanjutnya amanah utk rakyat bkn amanah utk investor",
"Update Investasi Rempang, Kepala BP Batam Hadiri RDP Komisi VI DPR RI https://t.co/ogspnVnZkU",
@DjogdjaKembali @Nicho_Silalahi @jokowi Anj*** selalu menjilat kaki tuannya dan akan menggonggong kencang jika ada yg berusaha mengusik majikannya. Masyarakat rempang adalah saudara kami hanya anj*** yg tidak punya saudara.,
@VIVAcoid Ga ada kasus baru munculin kasus lama.emang pinter pengalihan isu y.masyarakat jadi lupa kasus rempang dan si dito menpora yg tak kunjung ditangkap.,
"@CSzipel_ sumpah kita sbg warga hrs bgt dukung Pak Bahlil Kawal Investasi, rempang eco city jayaa  #HIPMIRempang",
"Sebut Tak Ingin Diadu Domba, Bahlil: Proyek Rempang Nggak Mungkin Batal Selengkapnya saksikan di sini: https://t.co/DaQqcnURtn #rosikompastv https://t.co/WjBlk2i4Bw",
#SaveRempang  #UsutTuntasProsesHukumBPBatam  #StopProyekOligarkiSetan  USUT PELANGGARAN HUKUM DAN HAM BERAT BP BATAM ‼️  RAKYAT BERSATU MELAWAN KEZALIMAN ‼️  #JAGA_TANAH_MILIK_RAKYAT_REMPANG https://t.co/RimdcuZ42T,
Masyarakat Rempang  hari ini kedatangan Bpk Amien Rais.  Tetap Menolak Relokasi  Allahu Akbar ✊🏼💙 https://t.co/tL8d7iaXiF,
"Kasus Rempang ini secara logika TDK masuk akal di musim politik ini di munculkan, jelas2 pasti merugikan dr sisi politiknya utk capres dan partai politik, blom menjadi bahan lawan politik utk mencari simpati..politik itu kan mencari simpati sebanyaknya.. ntahlah ada apa sbnrnya..",
"Progress Investasi Rempang Eco-City, Pendekatan Humanis Dijalankan https://t.co/yS28WELcaV",
Permasalahan HAM Dipulau Rempang sudah sampai ke PBB dunia sudah menyoroti HAM Rempang. https://t.co/tNhMrPkXds,
#HIPMIRempang mengapresiasi komitmen Bahlil Kawal Investasi di Rempang Eco-City. Menurutnya langkah pak Bahlil yg proaktif menghadirkan win² solution. @ganjarpranowo  @anie,
Pendekatan pak bahlil yang dekati warga rempang secara harmonis patut diapresiasi @bahlillahadalia @kompascom Bahlil Kawal Investasi  #HIPMIRempang https://t.co/nMM9W6BP6s,
HIPMI berkomitmen mendukung investasi Rempang yang dipantau ketat oleh Menteri Investasi Bahlil Lahadalia. Keberhasilan proyek ini adalah bukti nyata kolaborasi yang solid untuk memajukan perekonomian dan kesejahteraan masyarakat. #HIPMIRempang Bahlil Kawal Investasi https://t.co/kcdp1xm3cC,
pemerintah akan memberikan jaminan hak bagi warga Pulau Rempang yang terkena dampak pembangunan proyek.  Bahlil Kawal Investasi #HIPMIRempang  @SMN_Channel @VICE  https://t.co/Pl1wdwNsMx,
"@Ronnie_Rusli Smg prof kasian aset negara dan rakyat rempang, mereka bahagia2 aja tuh walo cm bertani/berkebun dan nelayan",
@floreskekinian2 tetap dukung pak bahlil dan otak cerdasnya dalam program Bahlil Kawal Investasi  dan rempang eco city #HIPMIRempang,
@tvOneNews Ada yg lebih pantas gak selain kata keparat buat mereka yg sudah menggagahi tanah rempang?,
"Wah, Pak Bahlil sampai Kawal Investasi rempang dengan mendekati warga rempang secara humanis #HIPMIRempang  https://t.co/2bu9sP4Q0N",
Di sisi lain warga juga sangat bersyukur atas pembangunan Rempang eco city karna adanya lapangan pekerjaan untuk masyarakat dan bisa meningkatkan skill Bahlil Kawal Investasi #HIPMIRempang https://t.co/fZgN0bm4ae,
Himpunan Pengusaha Muda Indonesia (Hipmi) memberikan perhatian besar terhadap investasi Rempang Eco City yang terus dikawal oleh Menteri Investasi Bahlil Lahadalia sejak awal hingga saat ini dan siap membantu menyukseskan investasi ini. #HIPMIRempang https://t.co/OFs5JYaun2,
DPR @DPR_RI akan terus dukung pak bahlil untuk memberikan hak warga rempang yang terdampak investasi.  @tribunnews  Bahlil Kawal Investasi #HIPMIRempang https://t.co/qSiSQl7Xa6,
"@DokterTifa Makanya....ayo Rempang jangan menyerah...lawan semua kebathilan yg terjadi, adalah Hak kalian yg sudah turun temurun menempati pulau itu Kami turut berdoa untuk kebaikan dan kemenangan kalia... Semangaaat....💪",
"TELAK! Disebut Netizen Bodoh Soal Investasi Rempang, Bahlil Panik Luruskan Informasi Liar https://t.co/3oIOZQFOzT",
"@sindoe @AzzamIzzulhaq Kalem aja gak usah nge-gas anda mau dukung pemerintah ya monggo, anda mau bilang pembangunan pabrik di rempang dan KCIC kerjasama dengan China ya monggo gwa cuma concern sama utang nya aja bro",
Investasi proyek eco city di rempang manfaatnya akan dirasakan warga rempang secara khusus karena akan membantu mengurangi pengangguran.  @GATRA_com  @liputan6dotcom  Bahlil Kawal Investasi  #HIPMIRempang  https://t.co/meiRNhRy7q,
"Sekarang kami lagi bahas paslon Presiden, guys. Next kayanya bahas huru hara Pulau Rempang",
"@jokowi Sudah akhir 10 th masa tugas dan tanggung jawab anda selaku presiden kok baru sekarang memikirkan penanggulangan kekeringan di pulau Jawa lagi, padahal kondisi ini setiap th terjadi. Kenapa tak seperti Rempang Eko City semangatmu investasi untuk rakyat?",
Tim bantuan hukum yang tergabung dalam Solidaritas Nasional untuk Rempang mengajukan penangguhan penahanan untuk 28 warga yang ditahan terkait kerusuhan yang terjadi di Gedung Badan Pengusahaan (BP) Batam pada 11 September 2023 lalu.  https://t.co/nqLYYRGDKq https://t.co/AeNdbpF9H4,
BP Batam Kembali Umumkan 9 KK Warga Terdampak Rempang Eco City Bergeser ke Hunian Sementara https://t.co/33hOADoqpP,
"@ListyoSigitP moga polisi berani tangkap koboi ini, jangan hanya kepada demonstran pribumi di Rempang",
"Jika seluruh lapisan masyarakat bergerak bela rempang maka peluang @aniesbaswedan menang makin tinggi krn satu2nya capres yg tdk setuju rempang adalah AMIN,  ayo terus gelorakan penolakan rempang",
@Ronnie_Rusli Teringat Bahlil bilang ada negara lain yang tidak mau ada investasi Rempang,
"DEMOCRAZY News | Berita &amp  Politik Indonesia: Terungkap Korupsi Setoran UWT Rempang Eco City Rp ... https://t.co/tB0511hBFp      BAH LOH NGOTOT AMAT SEBABNYA UTU. JELASKAN BAHLUL, LUHUT",
"#TemanPemilih KPU Kabupaten Rembang menerima pengajuan perubahan rancangan Daftar  Calon Tetap (DCT) Anggota DPRD Kabupaten Rembang pada Pemilu serentak  Tahun 2024 oleh Partai Politik peserta Pemilu di Kabupatan Rembang,  Selasa (3/10/2023)  #kpumelayani #pemiluserentak2024 https://t.co/rx2LtoVv3p",
"Dukung Investasi, HIPMI Apresiasi Menteri Bahlil Kawal Realisasi Proyek Rempang Eco Park #HIPMIRempang https://t.co/TxJp8NXfRu",
@TrioKwek212Kwek Si bahlil itu sebenarnya BAJINGAN TOLOL yg tdk punya rasa kemanusiaan terhadap rakyat rempang @bahlillahadalia,
Kami bersama memajukan investasi berkelanjutan! HIPMI memberikan apresiasi kepada Menteri Bahlil yang dengan tekun mengawal proyek Rempang Eco Park. @liputan6dotcom  Bahlil Kawal Investasi #HIPMIRempang https://t.co/F9TjwBuCrA,
"Ada beberapa biaya yang akan diberikan pemerintah untuk warga Rempang terdampak, seperti uang tunggu dan uang sewa rumah atau kontrakan.  Bahlil Kawal Investasi  #HIPMIRempang  @jawapos  https://t.co/6gCBqsWF0f",
"Gw curiga aja ma @bahlillahadalia kok bsa Sebegitunya bela investor cina, luh dapat apa ? Kok bsa2nya Rkyat rempang dikorbanin 😬😬 Cc @muhammadiyah @MUIPusat @PBHMI_1947 @BEMUI_Official @Metro_TV @NasDem @PKSejahtera @DPP_PKB @atr_bpn @Puspen_TNI @kemendagri @jokowi @syahganda",
"Yg satu: Rakyat harus menang. Dukung tokoh perubahan.   Yg lain: Rakyat harus menang. Dukung tokoh lanjutan.  Jadi: IKN, Rempang, Wadas, KCIC, kebon singkong di lahan hutan... ini semua kemenangan rakyat?",
"Kalau mereka menuntut, siap-siap disebut preman oleh pejabat negara lalu dihadapkan dengan aparat seperti di Rempang. Ngenes bener nasib rakyat negeri ini",
@tvOneNews Kalau VOC itu zaman penjajahan Belanda kalau Rempang zamannya kita dijajah oleh bangsa sendiri BETUL. ???,
"Mereka bukan preman, bukan penjahat dan bukan koruptor.  Klian yg sudah jadi penjahat merampas hak dan mengusir warga Rempang.   Bebaskan Warga Rempang yg masih ditahan!!!  #SaveRempangBatam #BebaskanBangLong #TolakPenggusuranRempang  https://t.co/9igasMtHNc",
"@floreskekinian2 Bahlil Kawal Investasi #HIPMIRempang yakin, investasi Rempang akan membawa kemaslahatan untuk rakyat",
"@yunusberkahjaya Stt...kasihan warga Rempang, dan...semoga selamat temuan gas alam terbesar di Kaltim",
"@ainunnajib Lekas sembuh yaa opung , masih banyak tugas yg belum selesai, investor xinyi menunggu Rempang dikosongkan ..",
"Tak Serius di Gresik dan Babel, Masih Percaya Xinyi Investasi Rp 175 Triliun di Rempang?  Rahmat Erwin Abdullah Whoosh Amanda Manopo jodie hamil Gen Z Pernah WO Laos pks tolak revisi uu ikn menuju masa depan #AniesMuhaimin2024 #PemimpinCerdas https://t.co/jYRJNvpiCX",
"Tolonglah rakyat itu, Rempang Pak, 'hikmat kebijaksanaan', bukan 'hikmat kebijakan'. Itulah pedoman kita,"" Kata JK...  Komentar :  Mengasihani rakyat bukanlah solusi, apalagi hanya sekedar ucap belaka. Sebab kerusakan negeri ini dan #jalanmenujuislamkaffah #maulidnabi https://t.co/L5cwlLl5dc""",
BUTUH DANA : 💸Dana Biaya Sekolah 💸Dana Biaya Kuliah 💸Dana Renovasi Rumah 💸Dana Modal Usaha 💸Dana Sampingan Silahkan Hubungi / Chat Klik Link WhatsApp: https://t.co/Jfj8Qz6DWI 💯Amanah &amp  Terpercaya. #Purworejo #Rembang #Sragen #Sukoharjo #Temanggung,
"TVR 120- Komisi II DPR RI: Kejelasan Status Kampung Tua Di Pulau Rempang  Pembangunan Proyek Strategis Nasional Rempang Eco City, memerlukan koordinasi yang sinergi &amp  terpadu antara BP Batam dengan Pemerintah Daerah Kota Batam #tvrparlemen #dprri #tvr120 https://t.co/SZ6cduvg6X",
Walang Bacarita - Baru-baru ini Himpunan Mahasiswa Islam (HMI) menggelar aksi bela masyarakat Rempang. Namun aksi yang dilakukan HMI justru dihadang oleh sekelompok oknum preman yang diduga suruhan  Menteri Investasi Bahlil Lahadalia. #walangbacarita🇮🇩 #walangbacaritaupdate🇮🇩 https://t.co/v9bq1lNtT8,
"Maka bahlil lah pengkhianat rakyat sebenarnya, memang orang licik selalu berpenampilan bagaikan malaikat. Cari dan adili bahlil saat rezim laknat ini runtuh, jadikan dia sbg sasaran utama sbg pihak yg Paling bertanggung jawab atas penderitaan rakyat di Rempang",
@IND0_Update @MataNajwa @Metro_TV @tvOneNews Ayo dukung dan bersinergi bersama #HIPMIRempang untuk membangun Rempang eco-city. Bahlil Kawal Investasi,
"@jokowi Anda, menteri dan aparat TNI POLRI telah zhoilm kepada warga Rempang dan Rakyat yg anda gusur demi investasi. Ingatlah ALLAH SWT berfirman: dan perhatikanlah bagaimana kesudahan orang yang berbuat zholim"". (Al Qoshosh: 40)""",
warga Pulau Rempang yang terkena dampak pembangunan  Rempang Eco City untuk tidak khawatir dengan kompensasi yang diberikan pemerintah.  Bahlil Kawal Investasi #HIPMIRempang  @PoskotaJ @poskota_jateng  https://t.co/myP67s3dD3,
Pak @bahlillahadalia akan kawal terus pembangunan rempang eco-city.  @jokowi @detikcom   Bahlil Kawal Investasi #HIPMIRempang https://t.co/lDojMHmOXi,
Kami kompak untuk mendukung investasi! HIPMI mengapresiasi Menteri Bahlil yang dengan tekun mengawal proyek Rempang Eco Park. @ganjarpranowo  Bahlil Kawal Investasi #HIPMIRempang https://t.co/GDlxdWJBdP,
"Skill Lokal Meningkat, Investasi Rempang Semakin Berkembang! Sinergi Hipmi dan Pemerintah Membawa Manfaat Bersama. 🚀🔝 Bahlil Kawal Investasi  #HIPMIRempang https://t.co/9eovzsbBjd",
Bahlil Kawal Investasi yg terjadi di Pulau Rempang dan memastikan bahwa pemerintah benar-benar memberikan jaminan hak kepada rakyat Rempang yg terkena dampak pembangunan proyek Rempang Eco Park #HIPMIRempang https://t.co/6PijV4Url4,
Kita mesti pandai membedakan mana cari panggung dan mana yang tulus #Rempang https://t.co/PO7AuMQVwZ,
@IND0_Update @MataNajwa @Metro_TV @tvOneNews Pendekatan holistik Dukung Investasi dan HIPMI terhadap proyek Rempang Eco Park sangat menginspirasi. Bahlil Kawal Investasi #HIPMIRempang,
"Cukong menginginkan Tanah rakyat / tanah adat membodohi pejabat gila materi agar mengatasnamakan tanah milik negara, sudah bukan rahasia umum di era repormasi kebablasan, seperti Rempang dll . https://t.co/bdWYv66HHH",
@detikcom Kalau ini penjajahan apa ? Mindahkan rakyat pulau rempang kok gunakan APBN ? Investor china sudah bayar kah ? https://t.co/8kLo5bHFTp,
@Tan_Mar3M 17 ribu hektar lebih tanah d Rempang kau serahkan ke China Harusnya dia ngaca d depan cermin yg besar,
@floreskekinian2 Pak Bahlil Kawal Investasi di Rempang ini sangat baik dari mulai pendekatan hingga memberikan solusi terbaik bagi masyarakat sekitar. Semangat dan sukses selalu pak #HIPMIRempang,
"TERIMAKASIH pemerinth "" "" Kami warga rempang sukarela ntuk dipindahkan, jadi tolong jgn ada provokasi lagi. "" https://t.co/AEXUy9LXLm""",
Komitmen untuk investasi berkelanjutan! HIPMI memberikan penghargaan kepada Menteri Bahlil yang gigih mengawal proyek Rempang Eco Park. https://t.co/wj8pxLOWXN @jokowi  Bahlil Kawal Investasi #HIPMIRempang,
"@IND0_Update @MataNajwa @Metro_TV @tvOneNews Kalo HIMPI aja mengapresiasi cara Bahlil Kawal Investasi yg ada di Rempang, berarti beliau hebat bgt #HIPMIRempang",
"Sinergi antara Hipmi dan pemerintah adalah kunci keberhasilan investasi di Rempang. Bersama, kita raih kesuksesan bersama! Bahlil Kawal Investasi  #HIPMIRempang https://t.co/2flSZT5Z9Z",
"@TeddGus Lu asli dongok @teddgus  Anies menjelaskan harus PSN diturunkan dari RPJP dan RPJMN, kalau tidak akan ada titipan dari kiri dan kanan  Kiri dan kanan bisa saja dari instansi pemerintah atau siapa saja. yg tidak bersumber dari RPJMN &amp  RPJP  Contoh rempang apakah ada dalam RPJMN ?",
Saya setuju langkah pak bahlil untu berikan hak warga rempang yang terdampak investasi @bahlillahadalia @jokowi  Bahlil Kawal Investasi  #HIPMIRempang https://t.co/I38cJC1yLs,
"@tvOneNews Yang di tahan pendemo yang bukan warga rempang,,, Juga bukan sanak saudara warga rempang,,,  Juga tidak bekerja di sekitaran rempang,,,, Mereka2 provokator / orang2 bayaran proxy eropa dan amerika,,, Jadi nggak perlu di bebaskan Masukkan aja ke kawah merapi atawa akrakatau",
"yuk kapan orang ini kita selesaikan? rakyat Rempang adalah saudaraku, banyak umat Islam juga disana, mari bantu yang tertindas disana, kuncinya kita hidup adalah yang teraniaya wajib kita bela, sedangkan orang satu ini justru membantu penindas rakyat",
"Tumbuhkan investasi, wujudkan perubahan! HIPMI memberikan apresiasi kepada Menteri Bahlil yang gigih mengawal proyek Rempang Eco Park. https://t.co/V317HAs8kh  Bahlil Kawal Investasi #HIPMIRempang",
Bahlil berhasil meyakinkan dan merangkul warga rempang bahwa investasi ini bakal membawa dampak baik bagi mereka. Bahkan mendapatkan acungan jempol dari Himpunan Pemuda Indonesia (HIPMI).  Bahlil Kawal Investasi #HIPMIRempang https://t.co/zVAznRnLh1,
Pemerintah tentunya harus melindungi hak warga rempang yang terdampak proyek investasi ini @jokowi @TRANSTV_CORP  Bahlil Kawal Investasi  #HIPMIRempang https://t.co/2oUffJWvnK,
"Hipmi dan Menteri Investasi Bahlil Lahadalia menggandeng tangan untuk membawa keberkahan investasi Rempang ke masyarakat. Dengan peningkatan keterampilan, kami membuka pintu kesempatan bagi semua. Bahlil Kawal Investasi #HIPMIRempang https://t.co/LP96lfhe5H",
"Himpunan Pengusaha Muda Indonesia (HIPMI) yakin jika Rempang Eco City akan berhasil dan berjalan sesuai dengan yang diharapkan, hal ini dikarenakan Bahlil Kawal Investasi tersebut #HIPMIRempang https://t.co/wET4IOBDW5",
Saya juga setuju dengan langkah-langkah pak bahlil untuk berikan hak warga rempang yang terdampak investasi Bahlil Kawal Investasi  #HIPMIRempang https://t.co/IHUs7y5tp3,
"Rempang eco city itu terobosan yang menarik menurut saya, gimana tidak pak bahlil aja sampe terjun dan mengawasi, mantap lah   Bahlil Kawal Investasi #HIPMIRempang",
Kami kokoh dalam mendukung investasi! HIPMI menghargai Menteri Bahlil yang dengan tekun mengawal proyek Rempang Eco Park.  @kompascom  Bahlil Kawal Investasi #HIPMIRempang https://t.co/WPqUwhW4pH,
HIPMI bersama Menteri Investasi Bahlil Lahadalia siap mendukung proyek Rempang Eco City. Keberhasilan investasi ini akan membuka peluang baru bagi pengusaha muda dan mendukung pertumbuhan ekonomi regional. #HIPMIRempang Bahlil Kawal Investasi https://t.co/BeMkRy9GuD,
@democrazymedia bongkar...audit smuanya biar jls.Jgn2 ada korupsi besar2an dsini.KPK hrs telusuri dn periksa BP Batam.Kmana tuh uang UWT...Knpa msh mnta Pempus lg dg nilai trilyunan.Rempang jgn diapa2in dlu.Biar wrga ttp ad dsna.,
"@IND0_Update @MataNajwa @Metro_TV @tvOneNews Manta, pak Bahlil Kawal Investasi rempang dan dapat dukungan penuh dari HIPMI #HIPMIRempang",
Himpunan Pengusaha Muda Indonesia (HIPMI) dukung penuh pak @bahlillahadalia sebagai perwakilan pemerintah untuk mengembangkan pulau rempang yang punya potensi besar untuk ekonomi baru Indonesia. #HIPMIRempang Bahlil Kawal Investasi @jokowi @pak,
"@TeddGus Eeh botol, wong kasat mata begitu. Rempang titipan tommy winata, belum ada amdal, ngak ada hpl, tiba2 jokowi ngusir penduduk yang sudah turun temurun tinggal disitu. Sudah deh kau jgn banyak bacot, kau kira2 kite2 goblok kayak kau.",
"@msobri99 Media adu domba, Anis bilang rentan jadi titipan tapi digoreng jd titipan. Klu mo jujur contoh kasus rempang, amdal dan hpl belum ada, yg investasi xinyi group. Di group ini perusahan siapa saja didlmnya, sebagai media mainstream hal2 ini yg harus ditelusuri agar tidak ada dusta",
"@Kanseulir @Kanseulir pengalamanya apa, Yaqut punya pengalaman menjadi anggota DPRD dan Wakil Bupati Rembang, Anggota DPR RI Ketua Umum GP Ansor dan Sekarang Menteri Agama, Mantap.",
@tvOneNews Org yg membela tanah leluhur nya d sebut preman. Jika sprt itu...maka wajarlah jika rakyat rempang menyebut pemerintah saat ni sbgai penjajah dgn dalih investasi. Belanda jg gitu dulunya.,
Justru yg harus diusut itu apa dasar Hukumnya Aparat gabungan turun ke #Rempang tempo hari secara arogan mengintimidasi &amp  menyerang Masyarakat #Rempang yg hingga detik ini masih menolak Relokasi/penggeseran atau bahasa Hantu Belau apalah dari Penguasa Bahlul. https://t.co/TesmQXoa24,
"Iya patut kita berikan Apresiasi kepada Pak Bahlil selaku aktor penting dalam berjalannya #HIPMIRempang ini,perlahan-lahan masyarakat rempang akan sangat tertarik dengan adanya suatu yang baru dan kebutuhan yg baru. Bahlil Kawal Investasi @MetroTVToday  https://t.co/7QPlFUu2ae",
"Sampling Udara di salah satu perusahaan yang bergerak dalam bidang penyediaan dan pengoperasian fasilitas industri hilir minyak, gas dan fasilitas energi baru dan terbarukan yang berlokasi di Kab. Rembang dilaksanakan tanggal  29 September 2023. https://t.co/NRy7xXf4dw",
"@HusinShihab Sin sin karena jadi penjilat dan benci banget sama orang yang tdk sejalan,  koq jadi tambah dungu ya komennya. Biasakan membaca dan mendengarkan biar tdk jadi fitnah. Masalah PSN (IKN, Kereta cepat, Rempang) itu sudah jelas banyak titipan dan bancakan korupsi.",
"@tvOneNews Semoga tuhan memberikan ganjaran sesuai apa yg kamu perbuat pada masy rempang, tangisan, derita, pengorban akan kamu rasakan 7 turunan",
@tvOneNews Pokoknya bela habis-habisan warga rempang dari perampok tanah kehidupan mereka. Sudah saatnya rakyat menang dari penjajahan berkedok investasi dan PSN,
"Karena dengan pemikiran yang luas untuk kesejahteraan masyarakat rempang Pak Bahlil Kawal Investasi dan terjun langsung untuk mengantisipasinya,karena dengan tindakan ini juga akan baik untuk sebuah kebutuhan masyarakat rempang. #HIPMIRempang @officialinews_  @liputan6dotcom https://t.co/njC43P9ZUb",
"HIPMI berkomitmen utk mendukung investasi Rempang Eco City yg dikawal oleh Menteri Investasi Bahlil Lahadalia. Dgn kerjasama yg solid, proyek ini akan menciptakan dampak yg signifikan bagi masyarakat dan pengusaha muda. #HIPMIRempang Bahlil Kawal Investasi https://t.co/KmTdfiMY9Z",
@IND0_Update @MataNajwa @Metro_TV @tvOneNews #HIPMIRempang apresiasi kinerja Pak Bahlil Kawal Investasi sehubungan Rempang Eco City,
Masyarakat rempang sudah seharusnya dilindungi haknya oleh pemerintah @jokowi @Metro_TV  Bahlil Kawal Investasi  #HIPMIRempang https://t.co/mgCWnyqy7g,
"@IND0_Update @MataNajwa @Metro_TV @tvOneNews Apresiasi tinggi untuk Dukung Investasi dan HIPMI yang mendukung proyek Rempang Eco Park. Langkah ini tidak hanya menciptakan peluang investasi, tetapi juga memperkuat pelestarian alam. Bahlil Kawal Investasi #HIPMIRempang",
"Mereka kira warga rempang orang utan,dikerangkeng gitu Sungguh rezim biadab https://t.co/Ap052xta5d",
"Temuan NCW terkait kasus Rempang menunjukkan, kebohongan pemerintah bertumpuk2 dlm proyek Rempang:  1. Pemerintah menyatakan, Xinyi Group (XG) perusahaan kelas dunia dgn jangkauan pasar global. Faktanya, XG bukan perusahaan kelas dunia. https://t.co/kIshWJDW5x",
"Datangi DPD, Tim Petisi 100 Minta Proyek Rempang Eco City Dibatalkan https://t.co/pPWheR6fko via @suaraislamID_",
marii kita dukung Bahlil Kawal Investasi untuk terus  membangun Rempang eco city #HIPMIRempang https://t.co/J6EdyeiVoB,
REMPANG MENOLAK RELOKASI..!  *Tegas! Warga Melayu Rempang Tetap Menolak Relokasi dan Konsultasi AMDAL*  https://t.co/YdjHX0JepZ,
Masalah kalo ditangan yang tepat pasti akan cepat selesai. Sama halnya pak Baahlil yang berhasil selesaikan konflik di Rempang  Investasi Rempang #BahlilGercep https://t.co/RHbDpGxZfU,
"Hal baik dan harapan kabar yang terdengar kemudian Pemerintah, Investor dan Masyarakat bersinergi mewujudkan pembangunan #rempang untuk Indonesia Maju.",
"Selasa (05/09/2023),Surindra Luhkan Kab.Rembang, melakukan pendataan produksi garam di Desa Dasun-Lasem, hasil tangkapan 8700 kg, harga 8 1200 per Kg @PKBLU_bp3tegal #GiatLuhkanSatminkalTegal #luhlapor https://t.co/u8nIoBjzzm",
Bahlil Kawal Investasi Rempang dengan melakukan pendekatan secara humanis yg membuat warga mau sedikit demi sedikit mengikuti pemerintah untuk pindah ke tempat baru #HIPMIRempang https://t.co/pTRQGpJ6vr,
Kami bersatu untuk mendukung investasi berkelanjutan! HIPMI mengapresiasi Menteri Bahlil yang dengan tekun mengawal proyek Rempang Eco Park. @PKSejahtera  Bahlil Kawal Investasi #HIPMIRempang,
@tvOneNews Ngotot banget Mentri ini sama Luhut...muka penjahat..emang nya rempang punya bapak mu..,
"Ibu Yuliana, salah satu warga #rempang yang secara sukarela bersedia direlokasi dalam mendukung proyek Rempang Eco -City. . #investasiuntukrakyat #galang #rempang #kepri https://t.co/pTGX6Sst2n",
Bagus lah kalo mundur.. Bikin rakyat rempang Melayu jadi tertindas... Ambil tanah rakyat,
"@tvOneNews Rempang eco city masuk PSN, proyek milik Tommy Winata, Luhut, Eric Tohir dan Pengusaha Tiongkok",
"@IND0_Update @MataNajwa @Metro_TV @tvOneNews dengan banyak dukungan kepada pak Bahlil Kawal Investasi di rempang, tentunya memudahkan serta memperlancar proyek rempang eco city #HIPMIRempang",
"justru negara ini semakin HANCUR"" kalau otak pejabatnya seperti bedebah ini!  Bahlil Tolak Bebaskan Warga Rempang: Kalau Dibiarkan, Negara Kita Jadi Negara Preman https://t.co/7ryAQq22UT""",
"Tragedi Rempang- Pemerintah yang taat pada Pancasila dan UUD 1945, selalu memiliki pilihan keadilan sosial dan kemanusiaan dalam setiap investasi. Itulah bedanya negara Pancasila dengan VOC ! https://t.co/1MJ23g3rue",
"Bahlil Kawal Investasi kepada masyarakat Pulau Rempang bisa diterima, sekaligus menjadi jawaban atas informasi hoax di tengah-tengah masyarakat.  #HIPMIRempang  https://t.co/0iwt5pGGlA",
@IND0_Update @MataNajwa @Metro_TV @tvOneNews Wahh mantap banget loh sampai HIPMI memberikan Apresiasi kepada Menteri Bahlil Kawal Investasi dalam Proyek Rempang Eco Park #HIPMIRempang,
@tempodotco Ditanya soal Rempang hal kayak gitu kog sampai presiden yang urusin. Giliran ditanya utang  tanya ke menteri. Lah jadi tugas mu sebagai presiden apa cuma gunting pita selfie. Bagi2 sertifikat. Lempar kaos. Memang manusia betul yang tidak ada kualitas nya. Kalibrasi itu ga sampai,
Pembangunan Rempang eco city ini juga sangat membawa dampak baik untuk warga krna pemerintah merencanakan untuk meningkatkan keterampilan warga Bahlil Kawal Investasi #HIPMIRempang https://t.co/4yX0lWmsiY,
Diinformasikan bahwa informasi/produk hukum berikut telah dapat didownload di web JDIH KPU:  Keputusan Sekretaris Jenderal KPU Nomor 1717 Tahun 2023 tentang Pedoman Teknis Penyusutan Arsip Pemilihan Umum di Luar Negeri Link : https://t.co/PVVOMPX2gG  Terima kasih. https://t.co/3czZ25hU9I,
"@tvOneNews Setuju,,,, Itu yang di tahan 40 orang bukan warga rempang,,, Juga nggak punya saudara di rempang Juga bukan pekerja di daerah rempang,,,, Masukin aja ke kawah merapi",
"7 Temuan NCW Terkait Polemik Rempang, Nomer Enam Libatkan Pihak Keamanan https://t.co/QgFYawDrZH",
"Menteri Investasi Bahlil Lahadalia dan Hipmi berkolaborasi membangun Rempang Eco City. Keberhasilan investasi ini tak hanya untuk investor, tapi juga bagi warga lokal. Mari bersama-sama menciptakan kesejahteraan! Bahlil Kawal Investasi #HIPMIRempang https://t.co/1C81yOZv0W",
"Panglima Pajaji seorang tokoh masyarakat yang memprovokasi permasalah di Rempang, Batam, terlihat mencari panggung!!!! https://t.co/zVLYEBFG6l",
"TERIMAKASIH PEMERINTAH "" "" Kami warga rempang sukarela untuk dipindahkan, jdi tolong jagan ada provokasi lagi. "" https://t.co/HRHgphbUzd""",
"@mohmahfudmd @RestyCayah bagaimana pernyataan bpk ttg plau rempang trsbt ketika 2022 investor dtg ternyata tanah trsebut sdh ditempati , kenyataannya masyarakat pulau rempang sdh menempati sblm indonesia terbentuk dan berdiri, dan bgaimana pernyataan yg ±300T tu wahai mahfud kan membuat keresahan rakyat""",
"@tvOneNews Kalau Rakyat Rempang dan Rakyat Indonesia biarkan, Rakyat tidak mau dengan Pemerintahan Preman",
"@tvOneNews @msaid_didu Janji si raja kodok bakal bagi-bagi sertifikat tanah rempang, eh nyatanya zonk. Siapa suruh pilih si bajingan",
@CSzipel_ Bahlil berhasil meyakinkan dan merangkul warga bahwa kepastian investasi ini akan membawa berkah 'ekonomi' kepada warga Rempang sehingga selaras komitmen dengan HIPMI #HIPMIRempang,
"@OposisiCerdas Kalau Saya Pribadi PSN yang Mana, Ko Tanya Lagi Bukanya OSN di Rempang Titipan Investor Ya ? koreksi Kalau Saya Salah",
@SangGuru2471 @DE__JAVU_ Rempang bagi mereka hanyalah sebagai alat untuk mengkampanyekan tujuan busuk mereka. https://t.co/EBdRedCgnj,
"@JulianiMadinah Jangan lupa  tanah warga melayu Rempang,itu milik mereka sejak abad 18. Lebih Baik Mati Berdiri Daripada Hidup Berlutut. Takkan Hilang Warga Melayu Di Bumi Indonesia. Esa Hilang Dua Terbilang. “Diam kita ditindas, kita harus bergerak utk menyelamatkan Bangsa Negara Indonesia ini” https://t.co/y5QBG3X4Ne",
"Guru Besar UI Prof. Ronnie: Xinyi di Rempang bukan cuma soal pasir kuarsa, tapi soal Strategic location arahan pemerintah China  https://t.co/rjXttfO7x2",
"@bd_baskoro Rating itu tidak bisa dibikin begitu saja, tapi di nilai dari semua aspek Dan penilainya itu masyarakat dunia, hasil kinerja, tingkah laku, sosial politik, dan kepentingan rakyat.  Ini rempang mau di kosong Wadas jg bgt Pemimpin model apa itu",
"@msaid_didu Yang mau ngusir orang dari rumah nya siapa, malah dia yang teriak orang itu preman. Pak bahlul ke Rempang aja lagi, tapi tanpa pengawalan agar warga Rempang nyaman bicara dengan anda. Atau debat terbuka dengan NCW soal xinyi yg kata bahlul perusahaan gede.",
"@floreskekinian2 betul, melihat bahwa pak Bahlil selalu ingat untuk melibatkan masyarakat pada pembangunan investasi Rempang ini. dukung Bahlil Kawal Investasi #HIPMIRempang",
"Kinerja Bahlil utk proyek Rempang benar2 didukung oleh pemerintah. Berkat kepiawaiannya dalam menyelesaikan masalah Rempang, sehingga warga setuju utk diteruskannya proyek ini. Bahlil Kawal Investasi #HIPMIRempang https://t.co/zJi3QdE0MS",
keseriusan pemerintah kepada warga Rempang terlihat dari langkah-langkah konkret @bahlillahadalia  yang terus melakukan pendekatan dengan warga.  Bahlil Kawal Investasi  #HIPMIRempang https://t.co/yjLOifkrLQ,
Bahlil: Kenapa Tempat Lain Nggak Se-Heboh Rempang? Selengkapnya saksikan di sini: https://t.co/DaQqcnUjDP #rosikompastv https://t.co/EbtbFzpWT9,
@tvOneNews aneh sekarang sj sudah jd negara preman kok bukan krn warga rempang......gak percaya tuuu dri wakil rakyatnya..partai politiknya smeua cara preman yg digunakan...perbaiki dulu,
Bahlil Kawal Investasi di Rempang Eco City mulai dari ide awal hingga pelaksanaannya diyakini merupakan hal yang positif dan diharapkan dapat berjalan sesuai dengan yang diinginkan #HIPMIRempang https://t.co/tnGvVgWdMn,
pendekatan secara humanis oleh bapak bahlil pada warga rempang sungguh sangat bagus. semoga rencana ini bisa berjalan dengan lancar.  Bahlil Kawal Investasi #HIPMIRempang https://t.co/O8ILtmF9Z5,
Pak bahlil pastikan akan memberika hak-hak warga rempang yang terdampak investasi @jawapos @bahlillahadalia  Bahlil Kawal Investasi  #HIPMIRempang  https://t.co/dyJFxFpXrN,
@tvOneNews Pejabat rasa preman.....walaupun jadi pion dan takut kehilangan jabatan berusaha sekuat tenaga menjalankan instruksi utk  kosongkan Rempang ....,
"HIPMI turut mendukung investasi Rempang Eco City yang digawangi oleh Menteri Investasi Bahlil Lahadalia. Keberhasilan proyek ini bukan hanya sekadar investasi, tapi juga peningkatan kesejahteraan bagi masyarakat lokal. #HIPMIRempang Bahlil Kawal Investasi https://t.co/VqgfESZKvr",
@geloraco tdk mungkin ada asap kalau tdk ada api? cara pemerintah mengatasi masalah p rempang pun sulit dikatakan benar dgn bukti temuan2 ombudsman? 🤔,
"@tvOneNews Ayolah pak @ListyoSigitP, pemerintah sdh mengaku salah. Kesalahan pemerintah ini yg membuat rakyat Rempang marah karena tdk ada dasar @DivHumas_Polri utk bertindak represif. Pihak @bp_batam tdk punya HPL, tdk ada AMDAL &amp  investornya ga jelas &amp  punya rekam jejak yg kurang baik...",
Aku sih sangat mendukung proses investasi di pulau Rempang Bahlil Kawal Investasi  #HIPMIRempang  https://t.co/A5QhBmjiGg,
Keberhasilan investasi Rempang Eco City adalah cerminan dari kerja keras Hipmi dan Menteri Investasi Bahlil Lahadalia.  Bahlil Kawal Investasi #HIPMIRempang https://t.co/bsnwEs21qO,
"Andalah preman sesungguhnya, Pak. Sebelum ada kasus Rempang, apakah ada tindakan mereka yang meresahkan masyarakat? Tapi tindakan Anda di mana-mana bikin pusing rakyat.",
"@RagilSemar @bkpm pak Bahlil, bukankah anda sdh akui pemerintah melakukan kesalahan/kekeliruan menangani Rempang. Jd dasar u/menahan mrk jg otomatis gugur, Krn mrk mempertahankan hak mrk &amp  pemerintah sdh salah menangani.  Trus knp hrs terus menahan mrk ??",
Rocky Gerung kritik keras proyek Rempang Eco City yang ternyata belum ada AMDAL #rempang https://t.co/OkUYtRJLLk,
@korantempo Di rempang warganya menolak skrang warga sepaku kesulitan mndapatka  sertifikat..sblumnya jg warga wadas..pembagunan berkeadilan yg diharapkan yg ada protes dr warga..yg diutungkan ujung Cukong jg😏,
Kami bersama mendukung investasi berkelanjutan! HIPMI mengapresiasi Menteri Bahlil atas pengawasannya terhadap proyek Rempang Eco Park. https://t.co/mVTUVOYWBl  Bahlil Kawal Investasi #HIPMIRempang,
Sikap humanis pak Bahlil Kawal Investasi di rempang dapat dukungan penuh dan HIPMI Pastikan ekonomi masyarakat nya tumbuh #HIPMIRempang  https://t.co/SJq7yuRCxh,
"*Tak Cuma Bangun Pabrik Kaca di Pulau Rempang, Konglomerat China Ini Bakal Ekspor Pasir*  Klik di-sini: https://t.co/UEv179qjFD *_Investor pendatang mana mau hilang kesempatan, apa aja bisa jadi uang disikatnya_*",
"@Dandhy_Laksono Ternyata ancaman di copot, pantes aja pihak Kepolisian tega melakukan tindakan keras terhadap rakyat pulau Rempang,  Pak @jokowi mohon untuk tidak meninggalkan jejak kinerja buruk pak,   Dan ini 👇 Akibat aturan Dari Bpk Jokowi https://t.co/T3wwU1Wti5",
HIPMI yakin dengan mendukung Investasi Rempang akan mensejahterakan masyarakat sekitar dan meningkatkan ekonomi masyarakat rempang.  @bahlillahadalia  @kompascom @DPP_PKB  Bahlil Kawal Investasi  #HIPMIRempang https://t.co/0SRCb7YEue,
"@msobri99 Contoh paling deket, Dibuatnya Proyek Strategis Nasional pabrik panel surya China dan Eco city Rempang biar bebas usir 16 Desa titipan siapa coy... Apa perlu sy jelaskan... 😅😅🤭🤭",
"@DoankWarto Sebagian besar rakyat mau dukung AMIN krn inginkan perubahan,nggak mau lagi harga² kebutuhan mahal diteruskan,bbm,listrik,pajak mahal dilanjutkan,hutang ugal²an,kejadian² warga wadas,p rempang diteruskan...sebagian besar Rakyat sdh bulat tekad akan mewujudkan Perubahan",
@IND0_Update @MataNajwa @Metro_TV @tvOneNews Semoga kolaborasi HIPMI dan pemerintah membawa dampat positif bagi investasi di Rempang  Bahlil Kawal Investasi #HIPMIRempang,
"HIPMI mendukung penuh langkah Menteri Investasi Bahlil Lahadalia dalam mengawal investasi Rempang Eco City. Bersama-sama, kita membangun masa depan yang berkelanjutan dan memberi dampak positif bagi perekonomian lokal. #HIPMIRempang Bahlil Kawal Investasi  https://t.co/q2dnUOUxmO",
Hak masyarakat rempang tentunya harus di penuhi agar tidak menciderai perasaan masyarakat @jokowi @KompasTV  Bahlil Kawal Investasi  #HIPMIRempang https://t.co/aa3Pr7CAZS,
"@tvOneNews parah beritanya ini, menteri Bahlil sudah minta KAPOLDA untuk membebaskan warga rempang, tetapi warga pendatang (bukan warga rempang) yang membuat kerusuhan yang tidak boleh di bebaskan. saya dengar RDP dengan DPR Menteri Bahlil ngomong begitu.",
HIPMI melihat investasi Rempang sebagai langkah maju dalam membangun ekonomi yang inklusif dan berkelanjutan. Kami mendukung penuh inisiatif Menteri Investasi Bahlil Lahadalia dalam memastikan keberhasilan proyek ini. #HIPMIRempang Bahlil Kawal Investasi https://t.co/nqT8nkvSkg,
"⁦@bahlillahadalia⁩ bagusnya cepat2 panggil bp batam untuk menjelaskan  Atau ⁦@DPR_RI⁩ panggil ⁦@bahlillahadalia⁩ menjelaskan  Jangan main2, ini bukan hanya urusan uang tp juga kelangsungan hidup rakyat di Rempang!!!  https://t.co/T365uG3PWZ",
"DPR KALIAN GAWE YG BENER JGN MAU DIKIBULIN SAMA SI BAHLIL, RAKYAT REMPANG TDK MAU DIUSIR, REMPANG TANAH LELUHURNYA,  WAJIB DIPERTAHANKAN SBG CAGAR BUDAYA MELAYU https://t.co/dm1OOLWE6J",
"Bahlil Tolak Bebaskan Warga Yang Perjuangkan Rempang: Kalau Dibiarkan, Negara Kita Jadi Negara Preman! https://t.co/4uavXS5bsS",
"@tvOneNews Lah prilaku preman rezim yg memulai &amp  mencontohkan di Rempang. Tanpa AMDAL &amp  MoU yg sdh kadaluwarsa, hak rakyat atas tempat tinggal diusir paksa melalui tangan aparat &amp  tentara🤔",
@B3l4K0nst1tus1_ Bayangkan kurang bajingan apa Bahlil kerakan pasukan buat usir Rakyat Rempang tanpa dasar ijin dan hukum yang jelas #BahlilMenteriPremanisme,
@CSzipel_ Hipmi pastikan investasi Rempang eco city berjalan baik dengan Bahlil Kawal Investasi meningkatkan ekonomi #HIPMIRempang,
@IND0_Update @MataNajwa @Metro_TV @tvOneNews Bahlil Kawal Investasi proyek rempang? Mantap banget sesuai janji ga cuma omong doang 💃🏻 #HIPMIRempang,
"@iwantarigan @msaid_didu Kalo saya curiga dgn Rempang ini, kok smdh itu pemerintah gusur menggusur pdhal ini musim politik, hrsnya menarik simpati rakyat, ada apa di blk ini..???  Logikanya kalo musim politik membuat org simpati..TDK terpikir kesitu kbnykan org..🫢🫢🫢",
#HIPMIRempang pastikan ekonomi tumbuh jika dukung investasi rempang eco-city Bahlil Kawal Investasi  https://t.co/PdQiA2nEzt,
"Bahlil Kawal Investasi, yakin kalau rempang eco city bakal terus maju  #HIPMIRempang https://t.co/kFFmVWNyuN",
"@PresidenKopi Pantes pada ngotot betul begundal cina ini..ngusir penduduk rempang..taunya duit panas udah masuk toh..bangsat emang..""",
Kami teguh dalam mendukung investasi berkelanjutan! HIPMI mengucapkan terima kasih kepada Menteri Bahlil yang tekun mengawal proyek Rempang Eco Park. https://t.co/vN76usrbng @aniesbaswedan  Bahlil Kawal Investasi #HIPMIRempang,
Bahlil Kawal Investasi Rempang Eco City bersama Himpunan Pengusaha Muda Indonesia (Hipmi) yang memberikan perhatian besar sejak awal hingga saat ini  #HIPMIRempang https://t.co/hwOo6WVZ3E,
"Dengan mendukung investasi rempang, HIPMI yakin nilai kesejahteraan masyarakat akan meningkat.  @bahlillahadalia  Bahlil Kawal Investasi  #HIPMIRempang https://t.co/D2SX4uzBdG",
@fajarsodikm Maksudnya apa?? Lu gak punya hati lihat saudara kita di pulau rempang digituin aama pemerintah yg zolim ini!!,
"Batal Karena Melanggar 3 Aturan, Padahal Buat Orang Banyak dan Atasi Polisi.  Beda Sama PSN Rempang, Meski Langgar Banyak Aturan, Demi TW.   https://t.co/hhQubrm5U1",
@CSzipel_ Kerja keras Menteri Bahlil dalam mendukung investasi dan hak-hak warga Rempang patut diacungi jempol! #HIPMIRempang,
Menteri Bahlil Klarifikasi Isu Proyek Rempang Kado dari China Selengkapnya saksikan di sini: https://t.co/DaQqcnURtn #rosikompastv https://t.co/LrvoA8mKXu,
"@strike_bravo_b Udah dibilang, investasi Xinyi Glass ini gak masuk akal, mereka katanya investasi ratusan triliun rupiah di Rempang doang tapi net worth mereka gak sampai sebanyak itu. Itu mereka mau investasi gitu berapa lama?  Hebatnya Kemenkomarves nya setuju ama hal yang gak masuk akal gini.",
"Dianggap Semrawut Ngurus Rempang, HMI MPO Ancam Bahlil Lahadalia Mundur dari Kursi Menteri Investasi - Hallo Id https://t.co/cGummPz27X",
"Dengarkan menit ke 1:11, ini senjata dari Kapolda, Kapolda?, senjata diberikan ke cina untuk mengancam pribumi? @ListyoSigitP  Masak cino dilindungi dan di persenjatai, Pribumi di usir (rempang) https://t.co/yVHPXKxyOd",
Kita berkomitmen untuk terus mendukung investasi berkelanjutan! HIPMI mengucapkan terima kasih kepada Menteri Bahlil yang telah memantau proyek Rempang Eco Park dengan tekun.    Bahlil Kawal Investasi #HIPMIRempang https://t.co/RiAyXEoFpD,
"Bentrokan di pulau Rempang makan korban, Demokrat : Pemerintah jangan aniaya rakyat.  Pemerintah jangan menggunakan aparat keamanan unutk menganiaya rakyat dengan mengatasnamakan Proyek Strategis Nasional (PSN)"". . #demokrat #ahy #ahypemipinperubahan #jatim #demokratjatim https://t.co/4XUcLwJJsp""",
"@KakekHalal Lagian PSN tiba² muncul tanpa ada di Rencana Jangka Panjang dan Menengah. Malah PSN Tanjung Lesung yg ada di program sebelumnya sekarang malah ga dikebut pembangunan nya. Tiba² muncul Rempang jadi PSN, pembangunan kok suka². Saatnya Perubahan khususnya Birokrasi",
"@tvOneNews Semakin Bahlil bersekukuh penjarakan warga Rempang yang telah di kurung. semakin tinggi ketidakpercayaan warga Rempang terhadap PSN.. Mereka saudara kami. Klu saudara kami di penjara,tentu kami tidak suka",
Kami bersama untuk mendukung investasi berkelanjutan! HIPMI memberikan apresiasi kepada Menteri Bahlil yang dengan tekun mengawal proyek Rempang Eco Park. @bahlillahadalia  Bahlil Kawal Investasi #HIPMIRempang,
#HIPMIRempang meyakini dgn jumlah investasi 381T pengembangan Rempang EcoCity dapat memberikan kesejahteraan masyarakat pulau rempang khususnya dalam penyerapan tenaga kerja. Bahlil Kawal Investasi @bahlillahadalia  @susi https://t.co/dXl6Mu8MjL,
Ganjar banyak mendapatkan usulan terkait infrastruktur khususnya perbaikan jalan saat Musrenbang di wilayah Jekutibanglor di Pendapa Kabupaten Rembang.  Kiky Bencong Nakes Boti Pecat Daddies https://t.co/u6Lax6VfAa,
"@IND0_Update @MataNajwa @Metro_TV @tvOneNews Sangat menggembirakan melihat Dukung Investasi dan HIPMI bersatu dalam apresiasi terhadap Menteri Bahlil, yang dengan tekunnya mengawal realisasi proyek Rempang Eco Park. Bahlil Kawal Investasi #HIPMIRempang",
"Bahlil Kawal Investasi, Sinergi dan kolaborasi antara Hipmi dan pemerintah diyakini akan membawa dampak positif bagi investasi di Rempang. #HIPMIRempang https://t.co/bf13YPE9rH",
@tvOneNews Mudah2an @LBH_Jakarta bisa bantu para korban Rempang yang ditahan oleh menteri ini secara semena2.,
@papa_loren Misal si moeldoko ngucap: Negara harus reschedule investor pulau rempang..!!!  Kira² apa ya.. Respon rakyat?,
"https://t.co/Wo2ZI8zhmd Bahlil jgn bentuk Tim. Baca saja tulisan ini. Rempang ini gampang ko. Sy selesaikan byk Kp Tua  Tj Uma dll tanpa pertumpahan darah . Masalahnya Bahlil sdh bicara hal2 teknis. KPK mesti periksa Pej pemda, KLH, Agraria &amp  BP Batam utk selaraskan otoritas.",
"Lawan debat mu @Hasbil_Lbs  .  Soal ijazah , utang , Rempang ,food estate , dan masih byk kasus2 lain yg masih hangat, dan itu semua REALITAS bukan DONGENG bung @Hasbil_Lbs .",
@geloraco Lha malah bukannya negara yang preman sekarang? Preman bertameng UU preman? Apa bukan gitu?   Penjarakan itu nanti kepala Polisi yang tahan warga rempang.,
"@HusinShihab Kaga pake nalar tinggi. Data udah sekarung. Baca dong! Cari aja siapa yang diuntungkan.. Kok bisa investor kontrak sampai 190 tahun? tanpa Syarat? Gimana pergerakan Luhut ke Tiongkok? Kenapa jadi Rempang yang laku duluan?  maaf yee, pendukung AMIN punya modal kuota sendiri!!",
"@OposisiCerdas IKN, KCIC .... jgn malah pura2 bego.... Rempang saja ngapain ada tentara dan polisi ngusir rakyat dari tanah mereka klo tanpa ada titipan cina2 bangsat itu",
@CSzipel_ memang patut diapresisasi kinerja Bahlil Kawal Investasi yang bisa memenuhi hak warga rempang #HIPMIRempang,
"https://t.co/GOHCr0NiyP JOKOWI PIMPIN RAPAT SOAL PSN, CUMA PENTINGKAN ANGKA-ANGKA, TK PEDULI RAKYAT TERGUSUR https://t.co/doSFLm3Hkq Warga 16 Kampung Tua Adang Mobil Menteri Bahlil Saat Kunjungi Pulau Rempang #JanganJualIndonesia #GerakanPribumiBangkit #TolakPenjajahChinaKomunis",
"@CSzipel_ Kinerja pak Bahlil Kawal Investasi bener-bener harus diapresiasi, beliau teguh memenuhi hak-hak warga Rempang #HIPMIRempang",
"Dinpendukcapil Purbalingga melaksanakan kegiatan Jemput Bola Pelayanan Pencatatan Sipil di Desa Bantarbarang, Kecamatan Rembang tanggal 3 Oktober 2023.  #dukcapil #dukcapiljateng #dukcapilpurbalingga #purbalingga #pemkabpurbalingga https://t.co/j8qqtUb2Fq",
"Bocorkan Motif Tersembunyi Investasi Rempang, Marwan Batubara: China Bisa Tancapkan... #UsirTKAChinaUnfaedah  #UsirTKAChinaUnfaedah https://t.co/uukJwB6ToL",
"Kemarin siapa yang pake jasa preman buat bubarin demo ya?  Bahlil Tolak Bebaskan Warga Rempang: Kalau Dibiarkan, Negara Kita Jadi Negara Preman https://t.co/CeTA6sYtG7",
"Bahlil Kawal Investasi tuh emang harus didukung banget di masa-masa kek gini, nah dgn memberikan hak² warga rempang pengembangan ini  dapat berjalan dgn lancar.  #HIPMIRempang @bahlillahadalia  @Ganjar https://t.co/qjLfTA7PRa",
"Reaksi Melayu 5 Negara BP Batam, Bahlil Lahadalia Muhammad Rudi Pembohong ,Status Pengelolaan Pulang Rempang! https://t.co/oEaF7hzNH6",
"Secara tidak langsung bahlil menyatakan perang sama warga rempang, gak usah memperhalus kata dengan kata 'preman', mending lo urus tuh pemuda pancasila yang rill preman",
"@tvOneNews Masyarakat terjebak dr kasus Rempang, tp TDK terpikir ini ada kejanggalan...",
Tolak Relokasi Rakyat Rempang *DPC-LMR: BP Batam Agar Hormati Kedaulatan dan Kepentingan Rakyat Rempang di atas kepentingan Investor*  https://t.co/iLRMfI1DLS,
Kami komitmen untuk mendukung investasi berkelanjutan! HIPMI menghargai Menteri Bahlil yang telah mengawal proyek Rempang Eco Park dengan penuh dedikasi. https://t.co/PBiynTbDiY  Bahlil Kawal Investasi #HIPMIRempang,
Inikah gambaran negara agraria yang gak berdaulat pangan karena tidak bisa mengoptimalkan produktifitas pertaniannya ?   Urusan perut jgn diperlakukan kaya org rempang lah yg udah lama hidup disana tiba2 suruh pindah lokasi 🤪  https://t.co/p7hbIZWhbX,
"Dukung Bahlil Kawal Investasi Rempang Eco city, semoga bisa bermanfaat untuk masyarakat rempang #HIPMIRempang https://t.co/PgrK2PogWf",
"Tim Advokasi Kemanusiaan Untuk Rempang mengajukan permohonan penangguhan penahanan 30 masyarakat yang ditahan dan ditetapkan sebagai tersangka pasca-aksi solidaritas yang berlangsung di Kantor BP Batam, 11 September 2023 lalu.  #IDNTimesSumut   https://t.co/rXpxPt7wHQ https://t.co/yyulw1I7XX",
"@TrioKwek212Kwek Penyerobotan Tanah Warga Rempang, Nusron Wahid: Apa Bedanya BP Batam dengan VOC? https://t.co/aocQ4IFHZO",
Kita apresiasi upaya yg terus dilakukan menteri @bahlillahadalia dalam memberikan hak warga rempang yg terdampak proyek strategis nasional.  @jawapos  @liputan6dotcom  Bahlil Kawal Investasi  #HIPMIRempang  https://t.co/ki2bYQAUrk,
@HusinShihab Welah... lha itu Rempang apa bukan titipan pekingese komunis? Mata buka lebar2 wooy..  yg inves siapa?,
Pembangunan Rempang eco city ini juga sangat bermanfaat untuk warga sekitar karna adanya lapangan pekerja untuk warga Bahlil Kawal Investasi #HIPMIRempang https://t.co/TT6lTHd4eo,
Bahlil Kawal Investasi Rempang karena dengan kebijakan dan langkah2 untuk proyek tersebut dg mengutamakan hak2 warga Rempang yg tidak  ad yg perlu dirugikan bagi Pemerintah maupun Warga Rempang tsb. #HIPMIRempang https://t.co/mkcXevAI7N,
Daftar negara paling sejahtera di dunia : 1. Bali 2. Indonesia 3. Rempang,
@CSzipel_ #HIPMIRempang siap berkolaborasi dengan masyarakat terkait Rempang Eco City Bahlil Kawal Investasi,
Upaya Pak Bahlil Kawal Investasi di Rempang terus mendapatkan apresiasi dari berbagai pihak.  #HIPMIRempang  https://t.co/9bjsQarVvK,
"Warga Rempang menolak Relokasi, diGusur diGeser... Menteri Bahlil dan Kepala BP Batam mengunjungi pulau Rempang pd Jumat (6/10/2023).  Mrk disambut dgn demo oleh masyarakat Rempang yg tetap menolak relokasi ataupun pergeseran.  Dasar muka tembok https://t.co/DyWgoohXtA",
Semoga usaha dan kerja keras Bahlil Kawal Investasi untuk pembangunan Rempang eco city lancar #HIPMIRempang https://t.co/LXJc5Zd1jP,
HIPMI siap berkolaborasi dg pemerintah untuk mendukung investasi di pulau rempang dengan meningkatkan ketrampilan warga melalui pelatihan. Bahlil Kawal Investasi #HIPMIRempang https://t.co/qU72WM7JkC,
"Sudah bisa diduga, upeti di balik ngototnya pemerintah mengusir warga Rempang.",
Bahlil Lahadalia: Proyek Rempang Eco City tidak akan menggunakan APBN. https://t.co/DpAnneNq6O,
"@CNNIndonesia Konon kabarnya yg mau direlokasi itu bukan warga asli, tp pendatang yg bekerja di sana.   Bahlil omongannya gk sama dgn keterangan warga rempang.",
"Selasa, tanggal 3 Oktober 2023, BPS Kabupaten Pati menggelar acara pengambilan Sumpah Pegawai Negeri Sipil di Aula BPS Kabupaten Pati. Sumpah PNS diikuti oleh 16 pegawai lingkup BPS Se Eks Karesidenan Pati (BPS Kab Pati, BPS Kab Rembang, BPS Kab Blora dan BPS Kab Grobogan). https://t.co/AqmR8b6C76",
Sama janj jokowi begitu .tapi malah pelanggaran ham subur..km50 blm tuntas.wadas.ntb komodo.rempang.dll..jgn mimpi ganjar..bau kebohongan mulai terbuka nh..,
"@CSzipel_ Wajib banget warga Rempang memenuhi hak-hak mereka sebagai warga negara, supaya Pak Bahlil Kawal Investasi Rempang Eco City berjalan dengan baik  #HIPMIRempang",
Bahlil Kawal Investasi memang sangat bagus untuk warga rempang sehingga hak hak warga yang terdampak tetap terpenuhi #HIPMIRempang https://t.co/zeY78lIaju,
"Peningkatan keterampilan warga lokal Rempang melalui program upskilling merupakan investasi jangka panjang. Dengan keterampilan yang tinggi, mereka menjadi sumber daya manusia yang sangat bernilai bagi investor. #HIPMIRempang Bahlil Kawal Investasi https://t.co/rvhQKN8y4e",
@floreskekinian2 keren banget lihat Bahlil Kawal Investasi  bersama dengan rempang eco city yg lagi digarap yagesya #HIPMIRempang,
"@tvOneNews Tidak ada visi misi mentri, adanya visi misi presiden...  Pernyataan mentri tersebut seakan gambaran dari sikap atasannya. Dalam menyikapi kasus rempang.  Bahkan mungkin komentar atasannya bisa lebih absurd. Seperti.  (YNTKTS)",
"semua bukan soal aturan/Kepres/Investasi..  Ini semua soal HIDEN DEBT yang harus segera di lunasi,  Kalau nggak lunas sebelum lengser PIDANA pastinya..  Lalu ada Cukong mau kasih Uang Besar tapi mintanya harus  Pulau REMPANG..  Inilah awalnya.😁  @jokowi   https://t.co/9RWVmTUosT",
@never_alonely Hoax-terus-ini-profokator-teroris-dimefsos-medsos-faktanya-masalah-Rempang-sudah-selesai,
Tomy Winata Mengemuka dalam Proyek Rempang Eco-City: Investasi Besar di Pulau Rempang https://t.co/E1olEHpPeW,
@CNNIndonesia Ini lebih parah lagi. APBN untuk mindahkan rakyat pulau rempang. Investor apa sudah setoe ke kas negara ? https://t.co/8kLo5bHFTp,
"Warga Rempang Sampaikan Aspirasi ke Bahlil, Ini Skema Ganti Ruginya Selengkapnya saksikan di sini: https://t.co/DaQqcnURtn #rosikompastv https://t.co/R7ivN6kL4v",
"@tempodotco Untuk pelabuhan di rempang sepertinya tidak akan pernah masuk ke pantai pulau kecil mereka, jadi tidak akan berdampak pada terumbu karang pulau kecil mereka, dampak hanya sekitar pelabuhan yang di bangun saja. Ini provokator kok hobi membodohi rakyat ya, terlalu ...",
@BangEdiii Dan jangan ikut memviralkan hal yg sengaja diviralkan demi pengalihan isyu  Tiba2 : - keputusan emka - mempoora - rempah rempang - dll,
"@geloraco Beginilah proyek pemerintahan pak @jokowi , sarat dengan masalah.   Rempang, IKN, KCIC, Mandalika, Wadas, Tol, dll.",
Pemerintah di minta maaf secara terbuka kepada masyarakat Pulau Rempang.   https://t.co/28HBywnBek https://t.co/zfjMmt1XYd,
"Bebaskan tahanan demo Rempang, mereka mempertahankan tanah yg mereka tempati sejak abad 18. Fahami Kemanusiaan Yang Adil Dan BERADAB.   Bukan Kemanusiaan Yang Sesat Mengsengsarakan Rakyat.  @mohmahfudmd  @ListyoSigitP  @DPDRI  @DPR_RI  @YLBHI  @KomnasHAM  https://t.co/MB7GZ5NNCV",
"Kementerian PUPR akan membangun infrastruktur dasar di kampung baru warga terdampak proyek Rempang Eco City.  Infrastruktur yang dimaksud meliputi sanitasi, sekolah, puskesmas, jalan desa, pelabuhan, tempat ibadah hingga pesantren. &lt  #Properti #Rempang  https://t.co/Hrm0chhSHF",
"@tempodotco Tanyakan ke Bu Mentri .. Setiap pertanyaan yang ruwet bin mumet, atau menyangkut nyawa Rakyatnya.. Seorang presiden seolah tidak mampu menjawabnya.. 🫠 Contohnya: Kanjuruhan               rempang https://t.co/wKEqpMM7Q9",
"Dukung Pembangunan Rempang Eco City, Syarikat Islam: jngn Terpengaruh brita Hoaks https://t.co/6uR2dnHtPu",
"Hingga saat ini upaya Pak Menteri Bahlil Kawal Investasi di Rempang Eco-City tetap konsisten memberikan hak² warga yang terdampak seperti Rumah Hunian, uang saku danlain2 dan itu mendapat dukungan dr @DPR_RI  @jawapos @CNN https://t.co/35zhUflNpg",
"@IND0_Update @MataNajwa @Metro_TV @tvOneNews banyak yg mendukung pak Bahlil Kawal Investasi proyek rempang ini, dan semoga kolaborasi dengan himpi juga bisa meningkatkan keterampilan masyarakat untuk meningkatkan perekonomian #HIPMIRempang",
"Dengan pak bahlil terus kawal investasi dalam negeri, diharapkan perkembangan proyek rempang eco-city bisa membawa manfaat berkelanjutan bagi semua pihak yang terlibat. #HIPMIRempang https://t.co/if7Buwyhpq",
"@DrEvaChaniago Si Bandit Itam ngomongin org Preman, padahal dia sendiri yg pake Preman utk menghadang anak²/adik² HMI yg demo masalah Rempang. Dasar Bangsat Itam.",
@CSzipel_ @IND0_Update Potensi peningkatan ekonomi masyarakat di Rempang akan meningkat Bahlil Kawal Investasi  #HIPMIRempang,
Jangan tercengang pernyataan ini krn BP Batam hanya pelaksana dari penetapan Pulau Rempang sdg Proyek Strategis Nasional yg ditandatangani oleh Menko Perekonomian Pak Airlangga yg juga Ketum Partai Golkar. Pak Nusron wakil Partai Golkar.,
Janji Bahlil Selesaikan Konflik Rempang Selengkapnya saksikan di sini: https://t.co/DaQqcnURtn #rosikompastv https://t.co/fozXVvkXOd,
Food estate dan Rempang Batam Implementasi Mafia Tanah air Indonesia oleh penyelengara negara.... @KemensetnegRI #BahlilMenteriPremanisme @atr_bpn,
"@tvOneNews Ayo masyarakat rempang dan melayu seluruhnya..mari brrsama2galang solidaritas utk.mendukung para saudara kita yg ditahan rezim..enak betul ni rezim, giliran rakyat di proses..ktk aparat yg bertindak brutal kagak di proses..asem tenan.!",
Pro aktif Menteri Investasi Bahlil Lahadalia yang konsisten mengawal dan memastikan investasi ini bisa berjalan baik. Bahlil – sebagai perwakilan pemerintah - berhasil menghadirkan ‘win-win solution’ antara warga Rempang dan investor. #HIPMIRempang https://t.co/KlIolXN96Z,
@YLBHI @jokowi Kenapa juga pake minta tolong ke pak @jokowi segala...? Udah jelas-2x die yang buat kebijakan mengusir warga Rempang.,
"@JulianiMadinah ada hukum rimba sdh disana, maka hrs dilawan dg siapapun yg akan mengusir warga rempang disana, lawan dan usir semua, apapun jabatannya dan bentuknya spt apa lawan dan usir‼️",
"Hipmi berkomitmen untuk mendukung investasi Rempang Eco City dengan membantu meningkatkan keterampilan warga. Kolaborasi kami dengan pemerintah adalah kunci kesuksesan, membuka jalan bagi kemajuan bersama. Bahlil Kawal Investasi #HIPMIRempang https://t.co/eZlG0ZVwPR",
